--------------------------------------------------------
--  파일이 생성됨 - 수요일-3월-30-2022   
--------------------------------------------------------
--------------------------------------------------------
--  DDL for Sequence ATTACHMENT_SEQ
--------------------------------------------------------

   CREATE SEQUENCE  "STUDY_ABOUT"."ATTACHMENT_SEQ"  MINVALUE 1 MAXVALUE 9999999999999999999999999999 INCREMENT BY 1 START WITH 681 CACHE 20 NOORDER  NOCYCLE ;
--------------------------------------------------------
--  DDL for Sequence AUTHORITY_SEQ
--------------------------------------------------------

   CREATE SEQUENCE  "STUDY_ABOUT"."AUTHORITY_SEQ"  MINVALUE 1 MAXVALUE 9999999999999999999999999999 INCREMENT BY 1 START WITH 85 NOCACHE  NOORDER  NOCYCLE ;
--------------------------------------------------------
--  DDL for Sequence BOARD_SEQ
--------------------------------------------------------

   CREATE SEQUENCE  "STUDY_ABOUT"."BOARD_SEQ"  MINVALUE 1 MAXVALUE 4000 INCREMENT BY 1 START WITH 181 CACHE 20 NOORDER  NOCYCLE ;
--------------------------------------------------------
--  DDL for Sequence CART_SEQ
--------------------------------------------------------

   CREATE SEQUENCE  "STUDY_ABOUT"."CART_SEQ"  MINVALUE 1 MAXVALUE 9999999999999999999999999999 INCREMENT BY 1 START WITH 661 CACHE 20 NOORDER  NOCYCLE ;
--------------------------------------------------------
--  DDL for Sequence IMAGE_SEQ
--------------------------------------------------------

   CREATE SEQUENCE  "STUDY_ABOUT"."IMAGE_SEQ"  MINVALUE 1 MAXVALUE 9999999999999999999999999999 INCREMENT BY 1 START WITH 52 NOCACHE  NOORDER  NOCYCLE ;
--------------------------------------------------------
--  DDL for Sequence MEMBER_SEQ
--------------------------------------------------------

   CREATE SEQUENCE  "STUDY_ABOUT"."MEMBER_SEQ"  MINVALUE 1 MAXVALUE 9999999999999999999999999999 INCREMENT BY 1 START WITH 101 NOCACHE  NOORDER  NOCYCLE ;
--------------------------------------------------------
--  DDL for Sequence ORDERS_SEQ
--------------------------------------------------------

   CREATE SEQUENCE  "STUDY_ABOUT"."ORDERS_SEQ"  MINVALUE 1 MAXVALUE 9999999999999999999999999999 INCREMENT BY 1 START WITH 181 CACHE 20 NOORDER  NOCYCLE ;
--------------------------------------------------------
--  DDL for Sequence ORDER_DETAIL_SEQ
--------------------------------------------------------

   CREATE SEQUENCE  "STUDY_ABOUT"."ORDER_DETAIL_SEQ"  MINVALUE 1 MAXVALUE 9999999999999999999999999999 INCREMENT BY 1 START WITH 181 CACHE 20 NOORDER  NOCYCLE ;
--------------------------------------------------------
--  DDL for Sequence PRODUCT_SEQ
--------------------------------------------------------

   CREATE SEQUENCE  "STUDY_ABOUT"."PRODUCT_SEQ"  MINVALUE 1 MAXVALUE 9999999999999999999999999999 INCREMENT BY 1 START WITH 58 NOCACHE  NOORDER  NOCYCLE ;
--------------------------------------------------------
--  DDL for Sequence QBOARD_SEQ
--------------------------------------------------------

   CREATE SEQUENCE  "STUDY_ABOUT"."QBOARD_SEQ"  MINVALUE 1 MAXVALUE 4000 INCREMENT BY 1 START WITH 21 CACHE 20 NOORDER  NOCYCLE ;
--------------------------------------------------------
--  DDL for Sequence RATING_SEQ
--------------------------------------------------------

   CREATE SEQUENCE  "STUDY_ABOUT"."RATING_SEQ"  MINVALUE 1 MAXVALUE 9999999999999999999999999999 INCREMENT BY 1 START WITH 941 CACHE 20 NOORDER  NOCYCLE ;
--------------------------------------------------------
--  DDL for Sequence RBOARD_SEQ
--------------------------------------------------------

   CREATE SEQUENCE  "STUDY_ABOUT"."RBOARD_SEQ"  MINVALUE 1 MAXVALUE 4000 INCREMENT BY 1 START WITH 21 CACHE 20 NOORDER  NOCYCLE ;
--------------------------------------------------------
--  DDL for Sequence REPLY_SEQ
--------------------------------------------------------

   CREATE SEQUENCE  "STUDY_ABOUT"."REPLY_SEQ"  MINVALUE 1 MAXVALUE 9999999999999999999999999999 INCREMENT BY 1 START WITH 901 CACHE 20 NOORDER  NOCYCLE ;
--------------------------------------------------------
--  DDL for Sequence REVIEW_SEQ
--------------------------------------------------------

   CREATE SEQUENCE  "STUDY_ABOUT"."REVIEW_SEQ"  MINVALUE 1 MAXVALUE 9999999999999999999999999999 INCREMENT BY 1 START WITH 1001 CACHE 20 NOORDER  NOCYCLE ;
--------------------------------------------------------
--  DDL for Sequence VIDEO_SEQ
--------------------------------------------------------

   CREATE SEQUENCE  "STUDY_ABOUT"."VIDEO_SEQ"  MINVALUE 1 MAXVALUE 9999999999999999999999999999 INCREMENT BY 1 START WITH 52 NOCACHE  NOORDER  NOCYCLE ;
--------------------------------------------------------
--  DDL for Table ATTACHMENT
--------------------------------------------------------

  CREATE TABLE "STUDY_ABOUT"."ATTACHMENT" 
   (	"ATTACHMENT_ID" NUMBER, 
	"ATTACHMENT_NAME" VARCHAR2(100 BYTE), 
	"BOARD_ID" NUMBER
   ) SEGMENT CREATION IMMEDIATE 
  PCTFREE 10 PCTUSED 40 INITRANS 1 MAXTRANS 255 NOCOMPRESS LOGGING
  STORAGE(INITIAL 65536 NEXT 1048576 MINEXTENTS 1 MAXEXTENTS 2147483645
  PCTINCREASE 0 FREELISTS 1 FREELIST GROUPS 1 BUFFER_POOL DEFAULT FLASH_CACHE DEFAULT CELL_FLASH_CACHE DEFAULT)
  TABLESPACE "SYSTEM" ;

   COMMENT ON COLUMN "STUDY_ABOUT"."ATTACHMENT"."ATTACHMENT_ID" IS '첨부파일 번호';
   COMMENT ON COLUMN "STUDY_ABOUT"."ATTACHMENT"."ATTACHMENT_NAME" IS '첨부파일 명';
   COMMENT ON COLUMN "STUDY_ABOUT"."ATTACHMENT"."BOARD_ID" IS '글 번호';
   COMMENT ON TABLE "STUDY_ABOUT"."ATTACHMENT"  IS '첨부 파일';
--------------------------------------------------------
--  DDL for Table AUTHORITY
--------------------------------------------------------

  CREATE TABLE "STUDY_ABOUT"."AUTHORITY" 
   (	"AUTHORITY_ID" NUMBER DEFAULT 0, 
	"AUTHORITY_NAME" VARCHAR2(100 BYTE), 
	"MEMBER_NUMBER" NUMBER
   ) SEGMENT CREATION IMMEDIATE 
  PCTFREE 10 PCTUSED 40 INITRANS 1 MAXTRANS 255 NOCOMPRESS LOGGING
  STORAGE(INITIAL 65536 NEXT 1048576 MINEXTENTS 1 MAXEXTENTS 2147483645
  PCTINCREASE 0 FREELISTS 1 FREELIST GROUPS 1 BUFFER_POOL DEFAULT FLASH_CACHE DEFAULT CELL_FLASH_CACHE DEFAULT)
  TABLESPACE "SYSTEM" ;

   COMMENT ON COLUMN "STUDY_ABOUT"."AUTHORITY"."AUTHORITY_ID" IS '권한 번호';
   COMMENT ON COLUMN "STUDY_ABOUT"."AUTHORITY"."AUTHORITY_NAME" IS '권한 명';
   COMMENT ON COLUMN "STUDY_ABOUT"."AUTHORITY"."MEMBER_NUMBER" IS '회원 번호';
   COMMENT ON TABLE "STUDY_ABOUT"."AUTHORITY"  IS '권한';
--------------------------------------------------------
--  DDL for Table BOARD
--------------------------------------------------------

  CREATE TABLE "STUDY_ABOUT"."BOARD" 
   (	"BOARD_ID" NUMBER, 
	"BOARD_ENABLE" VARCHAR2(200 BYTE) DEFAULT 'Y', 
	"BOARD_TITLE" VARCHAR2(300 BYTE), 
	"BOARD_CONTENT" VARCHAR2(2000 BYTE), 
	"BOARD_DATE" DATE DEFAULT sysdate, 
	"BOARD_HIT" NUMBER DEFAULT 0, 
	"MEMBER_NUMBER" NUMBER, 
	"BOARDTYPE_ID" NUMBER, 
	"PRODUCT_ID" NUMBER
   ) SEGMENT CREATION IMMEDIATE 
  PCTFREE 10 PCTUSED 40 INITRANS 1 MAXTRANS 255 NOCOMPRESS LOGGING
  STORAGE(INITIAL 65536 NEXT 1048576 MINEXTENTS 1 MAXEXTENTS 2147483645
  PCTINCREASE 0 FREELISTS 1 FREELIST GROUPS 1 BUFFER_POOL DEFAULT FLASH_CACHE DEFAULT CELL_FLASH_CACHE DEFAULT)
  TABLESPACE "SYSTEM" ;

   COMMENT ON COLUMN "STUDY_ABOUT"."BOARD"."BOARD_ID" IS '글 번호';
   COMMENT ON COLUMN "STUDY_ABOUT"."BOARD"."BOARD_ENABLE" IS '게시판 공개 여부';
   COMMENT ON COLUMN "STUDY_ABOUT"."BOARD"."BOARD_TITLE" IS '글 제목';
   COMMENT ON COLUMN "STUDY_ABOUT"."BOARD"."BOARD_CONTENT" IS '글 내용';
   COMMENT ON COLUMN "STUDY_ABOUT"."BOARD"."BOARD_DATE" IS '작성일자';
   COMMENT ON COLUMN "STUDY_ABOUT"."BOARD"."BOARD_HIT" IS '조회수';
   COMMENT ON COLUMN "STUDY_ABOUT"."BOARD"."MEMBER_NUMBER" IS '회원 번호';
   COMMENT ON COLUMN "STUDY_ABOUT"."BOARD"."BOARDTYPE_ID" IS '게시판 분류 번호';
   COMMENT ON TABLE "STUDY_ABOUT"."BOARD"  IS '게시판';
--------------------------------------------------------
--  DDL for Table BOARDTYPE
--------------------------------------------------------

  CREATE TABLE "STUDY_ABOUT"."BOARDTYPE" 
   (	"BOARDTYPE_ID" NUMBER, 
	"BOARDTYPE_NAME" VARCHAR2(100 BYTE)
   ) SEGMENT CREATION IMMEDIATE 
  PCTFREE 10 PCTUSED 40 INITRANS 1 MAXTRANS 255 NOCOMPRESS LOGGING
  STORAGE(INITIAL 65536 NEXT 1048576 MINEXTENTS 1 MAXEXTENTS 2147483645
  PCTINCREASE 0 FREELISTS 1 FREELIST GROUPS 1 BUFFER_POOL DEFAULT FLASH_CACHE DEFAULT CELL_FLASH_CACHE DEFAULT)
  TABLESPACE "SYSTEM" ;

   COMMENT ON COLUMN "STUDY_ABOUT"."BOARDTYPE"."BOARDTYPE_ID" IS '게시판 분류 번호';
   COMMENT ON COLUMN "STUDY_ABOUT"."BOARDTYPE"."BOARDTYPE_NAME" IS '게시판 이름';
   COMMENT ON TABLE "STUDY_ABOUT"."BOARDTYPE"  IS '게시판 분류';
--------------------------------------------------------
--  DDL for Table CART
--------------------------------------------------------

  CREATE TABLE "STUDY_ABOUT"."CART" 
   (	"CART_ID" NUMBER, 
	"CART_COUNT" NUMBER DEFAULT 1, 
	"MEMBER_NUMBER" NUMBER, 
	"PRODUCT_ID" NUMBER
   ) SEGMENT CREATION IMMEDIATE 
  PCTFREE 10 PCTUSED 40 INITRANS 1 MAXTRANS 255 NOCOMPRESS LOGGING
  STORAGE(INITIAL 65536 NEXT 1048576 MINEXTENTS 1 MAXEXTENTS 2147483645
  PCTINCREASE 0 FREELISTS 1 FREELIST GROUPS 1 BUFFER_POOL DEFAULT FLASH_CACHE DEFAULT CELL_FLASH_CACHE DEFAULT)
  TABLESPACE "SYSTEM" ;

   COMMENT ON COLUMN "STUDY_ABOUT"."CART"."CART_ID" IS '장바구니 번호';
   COMMENT ON COLUMN "STUDY_ABOUT"."CART"."CART_COUNT" IS '수량';
   COMMENT ON COLUMN "STUDY_ABOUT"."CART"."MEMBER_NUMBER" IS '회원 번호';
   COMMENT ON COLUMN "STUDY_ABOUT"."CART"."PRODUCT_ID" IS '상품 번호';
   COMMENT ON TABLE "STUDY_ABOUT"."CART"  IS '장바구니';
--------------------------------------------------------
--  DDL for Table CATEGORY
--------------------------------------------------------

  CREATE TABLE "STUDY_ABOUT"."CATEGORY" 
   (	"CATEGORY_ID" NUMBER, 
	"CATEGORY_NAME" VARCHAR2(100 BYTE), 
	"CATEGORY_PARENT" NUMBER
   ) SEGMENT CREATION IMMEDIATE 
  PCTFREE 10 PCTUSED 40 INITRANS 1 MAXTRANS 255 NOCOMPRESS LOGGING
  STORAGE(INITIAL 65536 NEXT 1048576 MINEXTENTS 1 MAXEXTENTS 2147483645
  PCTINCREASE 0 FREELISTS 1 FREELIST GROUPS 1 BUFFER_POOL DEFAULT FLASH_CACHE DEFAULT CELL_FLASH_CACHE DEFAULT)
  TABLESPACE "SYSTEM" ;

   COMMENT ON COLUMN "STUDY_ABOUT"."CATEGORY"."CATEGORY_ID" IS '카테고리 코드';
   COMMENT ON COLUMN "STUDY_ABOUT"."CATEGORY"."CATEGORY_NAME" IS '카테고리 이름';
   COMMENT ON COLUMN "STUDY_ABOUT"."CATEGORY"."CATEGORY_PARENT" IS '참조(상위) 카테고리';
   COMMENT ON TABLE "STUDY_ABOUT"."CATEGORY"  IS '카테고리';
--------------------------------------------------------
--  DDL for Table COUPON
--------------------------------------------------------

  CREATE TABLE "STUDY_ABOUT"."COUPON" 
   (	"COUPON_ID" NUMBER, 
	"COUPON_NAME" VARCHAR2(100 BYTE), 
	"COUPON_EXPIRY_DATE" DATE, 
	"COUPON_DATE" DATE DEFAULT sysdate, 
	"COUPON_RATE" NUMBER, 
	"COUPON_PRICE" NUMBER, 
	"MEMBER_NUMBER" NUMBER
   ) SEGMENT CREATION IMMEDIATE 
  PCTFREE 10 PCTUSED 40 INITRANS 1 MAXTRANS 255 NOCOMPRESS LOGGING
  STORAGE(INITIAL 65536 NEXT 1048576 MINEXTENTS 1 MAXEXTENTS 2147483645
  PCTINCREASE 0 FREELISTS 1 FREELIST GROUPS 1 BUFFER_POOL DEFAULT FLASH_CACHE DEFAULT CELL_FLASH_CACHE DEFAULT)
  TABLESPACE "SYSTEM" ;

   COMMENT ON COLUMN "STUDY_ABOUT"."COUPON"."COUPON_ID" IS '쿠폰 번호';
   COMMENT ON COLUMN "STUDY_ABOUT"."COUPON"."COUPON_NAME" IS '쿠폰 명';
   COMMENT ON COLUMN "STUDY_ABOUT"."COUPON"."COUPON_EXPIRY_DATE" IS '사용 기한';
   COMMENT ON COLUMN "STUDY_ABOUT"."COUPON"."COUPON_DATE" IS '발급 날짜';
   COMMENT ON COLUMN "STUDY_ABOUT"."COUPON"."COUPON_RATE" IS '적용률';
   COMMENT ON COLUMN "STUDY_ABOUT"."COUPON"."COUPON_PRICE" IS '적용 금액';
   COMMENT ON COLUMN "STUDY_ABOUT"."COUPON"."MEMBER_NUMBER" IS '회원 번호';
   COMMENT ON TABLE "STUDY_ABOUT"."COUPON"  IS '쿠폰';
--------------------------------------------------------
--  DDL for Table IMAGE
--------------------------------------------------------

  CREATE TABLE "STUDY_ABOUT"."IMAGE" 
   (	"IMAGE_ID" NUMBER, 
	"IMAGE_NAME" VARCHAR2(100 BYTE), 
	"PRODUCT_ID" NUMBER
   ) SEGMENT CREATION IMMEDIATE 
  PCTFREE 10 PCTUSED 40 INITRANS 1 MAXTRANS 255 NOCOMPRESS LOGGING
  STORAGE(INITIAL 65536 NEXT 1048576 MINEXTENTS 1 MAXEXTENTS 2147483645
  PCTINCREASE 0 FREELISTS 1 FREELIST GROUPS 1 BUFFER_POOL DEFAULT FLASH_CACHE DEFAULT CELL_FLASH_CACHE DEFAULT)
  TABLESPACE "SYSTEM" ;

   COMMENT ON COLUMN "STUDY_ABOUT"."IMAGE"."IMAGE_ID" IS '상품 사진 파일 번호';
   COMMENT ON COLUMN "STUDY_ABOUT"."IMAGE"."IMAGE_NAME" IS '상품 사진 파일 명';
   COMMENT ON COLUMN "STUDY_ABOUT"."IMAGE"."PRODUCT_ID" IS '상품 번호';
   COMMENT ON TABLE "STUDY_ABOUT"."IMAGE"  IS '상품 사진';
--------------------------------------------------------
--  DDL for Table MEMBER
--------------------------------------------------------

  CREATE TABLE "STUDY_ABOUT"."MEMBER" 
   (	"MEMBER_NUMBER" NUMBER, 
	"MEMBER_ID" VARCHAR2(100 BYTE), 
	"PASSWORD" VARCHAR2(100 BYTE), 
	"MEMBER_NAME" VARCHAR2(100 BYTE), 
	"MEMBER_PHONE" VARCHAR2(50 BYTE), 
	"MEMBER_EMAIL" VARCHAR2(100 BYTE), 
	"MEMBER_ADDRESS" VARCHAR2(100 BYTE), 
	"MEMBER_COMPANY" VARCHAR2(100 BYTE), 
	"ENABLED" CHAR(1 BYTE) DEFAULT '1'
   ) SEGMENT CREATION IMMEDIATE 
  PCTFREE 10 PCTUSED 40 INITRANS 1 MAXTRANS 255 NOCOMPRESS LOGGING
  STORAGE(INITIAL 65536 NEXT 1048576 MINEXTENTS 1 MAXEXTENTS 2147483645
  PCTINCREASE 0 FREELISTS 1 FREELIST GROUPS 1 BUFFER_POOL DEFAULT FLASH_CACHE DEFAULT CELL_FLASH_CACHE DEFAULT)
  TABLESPACE "SYSTEM" ;

   COMMENT ON COLUMN "STUDY_ABOUT"."MEMBER"."MEMBER_NUMBER" IS '회원 번호';
   COMMENT ON COLUMN "STUDY_ABOUT"."MEMBER"."MEMBER_ID" IS '회원 아이디';
   COMMENT ON COLUMN "STUDY_ABOUT"."MEMBER"."PASSWORD" IS '비밀번호';
   COMMENT ON COLUMN "STUDY_ABOUT"."MEMBER"."MEMBER_NAME" IS '이름';
   COMMENT ON COLUMN "STUDY_ABOUT"."MEMBER"."MEMBER_PHONE" IS '연락처';
   COMMENT ON COLUMN "STUDY_ABOUT"."MEMBER"."MEMBER_EMAIL" IS '이메일';
   COMMENT ON COLUMN "STUDY_ABOUT"."MEMBER"."MEMBER_ADDRESS" IS '주소';
   COMMENT ON COLUMN "STUDY_ABOUT"."MEMBER"."MEMBER_COMPANY" IS '업체명';
   COMMENT ON COLUMN "STUDY_ABOUT"."MEMBER"."ENABLED" IS '시큐리티등급';
   COMMENT ON TABLE "STUDY_ABOUT"."MEMBER"  IS '회원';
--------------------------------------------------------
--  DDL for Table ORDERS
--------------------------------------------------------

  CREATE TABLE "STUDY_ABOUT"."ORDERS" 
   (	"ORDERS_ID" NUMBER, 
	"ORDERS_PRICE" NUMBER, 
	"ORDERS_DATE" DATE DEFAULT sysdate, 
	"MEMBER_NUMBER" NUMBER
   ) SEGMENT CREATION IMMEDIATE 
  PCTFREE 10 PCTUSED 40 INITRANS 1 MAXTRANS 255 NOCOMPRESS LOGGING
  STORAGE(INITIAL 65536 NEXT 1048576 MINEXTENTS 1 MAXEXTENTS 2147483645
  PCTINCREASE 0 FREELISTS 1 FREELIST GROUPS 1 BUFFER_POOL DEFAULT FLASH_CACHE DEFAULT CELL_FLASH_CACHE DEFAULT)
  TABLESPACE "SYSTEM" ;

   COMMENT ON COLUMN "STUDY_ABOUT"."ORDERS"."ORDERS_ID" IS '주문 번호';
   COMMENT ON COLUMN "STUDY_ABOUT"."ORDERS"."ORDERS_PRICE" IS '총 가격';
   COMMENT ON COLUMN "STUDY_ABOUT"."ORDERS"."ORDERS_DATE" IS '주문 날짜';
   COMMENT ON COLUMN "STUDY_ABOUT"."ORDERS"."MEMBER_NUMBER" IS '회원 번호';
   COMMENT ON TABLE "STUDY_ABOUT"."ORDERS"  IS '주문';
--------------------------------------------------------
--  DDL for Table ORDER_DETAIL
--------------------------------------------------------

  CREATE TABLE "STUDY_ABOUT"."ORDER_DETAIL" 
   (	"ORDER_DETAIL_ID" NUMBER, 
	"ORDER_DETAIL_COUNT" NUMBER DEFAULT 1, 
	"ORDERS_ID" NUMBER, 
	"PRODUCT_ID" NUMBER
   ) SEGMENT CREATION IMMEDIATE 
  PCTFREE 10 PCTUSED 40 INITRANS 1 MAXTRANS 255 NOCOMPRESS LOGGING
  STORAGE(INITIAL 65536 NEXT 1048576 MINEXTENTS 1 MAXEXTENTS 2147483645
  PCTINCREASE 0 FREELISTS 1 FREELIST GROUPS 1 BUFFER_POOL DEFAULT FLASH_CACHE DEFAULT CELL_FLASH_CACHE DEFAULT)
  TABLESPACE "SYSTEM" ;

   COMMENT ON COLUMN "STUDY_ABOUT"."ORDER_DETAIL"."ORDER_DETAIL_ID" IS '주문 상세 번호';
   COMMENT ON COLUMN "STUDY_ABOUT"."ORDER_DETAIL"."ORDER_DETAIL_COUNT" IS '수량';
   COMMENT ON COLUMN "STUDY_ABOUT"."ORDER_DETAIL"."ORDERS_ID" IS '주문 번호';
   COMMENT ON COLUMN "STUDY_ABOUT"."ORDER_DETAIL"."PRODUCT_ID" IS '상품 번호';
   COMMENT ON TABLE "STUDY_ABOUT"."ORDER_DETAIL"  IS '주문 상세';
--------------------------------------------------------
--  DDL for Table PRODUCT
--------------------------------------------------------

  CREATE TABLE "STUDY_ABOUT"."PRODUCT" 
   (	"PRODUCT_ID" NUMBER, 
	"PRODUCT_NAME" VARCHAR2(100 BYTE), 
	"PRODUCT_PRICE" NUMBER, 
	"PRODUCT_ENABLE" CHAR(1 BYTE) DEFAULT 1, 
	"PRODUCT_DATE" DATE DEFAULT sysdate, 
	"PRODUCT_STOCK" NUMBER, 
	"PRODUCT_DESCRIPTION" VARCHAR2(2000 BYTE), 
	"CATEGORY_ID" NUMBER
   ) SEGMENT CREATION IMMEDIATE 
  PCTFREE 10 PCTUSED 40 INITRANS 1 MAXTRANS 255 NOCOMPRESS LOGGING
  STORAGE(INITIAL 65536 NEXT 1048576 MINEXTENTS 1 MAXEXTENTS 2147483645
  PCTINCREASE 0 FREELISTS 1 FREELIST GROUPS 1 BUFFER_POOL DEFAULT FLASH_CACHE DEFAULT CELL_FLASH_CACHE DEFAULT)
  TABLESPACE "SYSTEM" ;

   COMMENT ON COLUMN "STUDY_ABOUT"."PRODUCT"."PRODUCT_ID" IS '상품 번호';
   COMMENT ON COLUMN "STUDY_ABOUT"."PRODUCT"."PRODUCT_NAME" IS '상품 명';
   COMMENT ON COLUMN "STUDY_ABOUT"."PRODUCT"."PRODUCT_PRICE" IS '상품 가격';
   COMMENT ON COLUMN "STUDY_ABOUT"."PRODUCT"."PRODUCT_ENABLE" IS '노출 여부';
   COMMENT ON COLUMN "STUDY_ABOUT"."PRODUCT"."PRODUCT_DATE" IS '등록 날짜';
   COMMENT ON COLUMN "STUDY_ABOUT"."PRODUCT"."PRODUCT_STOCK" IS '재고(인원 수)';
   COMMENT ON COLUMN "STUDY_ABOUT"."PRODUCT"."PRODUCT_DESCRIPTION" IS '상품 설명';
   COMMENT ON COLUMN "STUDY_ABOUT"."PRODUCT"."CATEGORY_ID" IS '카테고리 코드';
   COMMENT ON TABLE "STUDY_ABOUT"."PRODUCT"  IS '상품';
--------------------------------------------------------
--  DDL for Table PRODUCT_VIEW
--------------------------------------------------------

  CREATE TABLE "STUDY_ABOUT"."PRODUCT_VIEW" 
   (	"VIEW_DATE" DATE DEFAULT sysdate, 
	"MEMBER_NUMBER" NUMBER, 
	"PRODUCT_ID" NUMBER, 
	"MEMBER_ID" VARCHAR2(200 BYTE)
   ) SEGMENT CREATION IMMEDIATE 
  PCTFREE 10 PCTUSED 40 INITRANS 1 MAXTRANS 255 NOCOMPRESS LOGGING
  STORAGE(INITIAL 65536 NEXT 1048576 MINEXTENTS 1 MAXEXTENTS 2147483645
  PCTINCREASE 0 FREELISTS 1 FREELIST GROUPS 1 BUFFER_POOL DEFAULT FLASH_CACHE DEFAULT CELL_FLASH_CACHE DEFAULT)
  TABLESPACE "SYSTEM" ;
--------------------------------------------------------
--  DDL for Table RATING
--------------------------------------------------------

  CREATE TABLE "STUDY_ABOUT"."RATING" 
   (	"RATING_ID" NUMBER, 
	"RATING_CHECK" VARCHAR2(200 BYTE) DEFAULT 0, 
	"REVIEW_ID" NUMBER
   ) SEGMENT CREATION IMMEDIATE 
  PCTFREE 10 PCTUSED 40 INITRANS 1 MAXTRANS 255 NOCOMPRESS LOGGING
  STORAGE(INITIAL 65536 NEXT 1048576 MINEXTENTS 1 MAXEXTENTS 2147483645
  PCTINCREASE 0 FREELISTS 1 FREELIST GROUPS 1 BUFFER_POOL DEFAULT FLASH_CACHE DEFAULT CELL_FLASH_CACHE DEFAULT)
  TABLESPACE "SYSTEM" ;

   COMMENT ON COLUMN "STUDY_ABOUT"."RATING"."RATING_ID" IS '별점 번호';
   COMMENT ON COLUMN "STUDY_ABOUT"."RATING"."RATING_CHECK" IS '별점 확인';
   COMMENT ON COLUMN "STUDY_ABOUT"."RATING"."REVIEW_ID" IS '후기 글 번호';
   COMMENT ON TABLE "STUDY_ABOUT"."RATING"  IS '별점';
--------------------------------------------------------
--  DDL for Table REPLY
--------------------------------------------------------

  CREATE TABLE "STUDY_ABOUT"."REPLY" 
   (	"REPLY_ID" NUMBER, 
	"REPLY_GROUP" NUMBER, 
	"REPLY_STEP" NUMBER, 
	"REPLY_INDENT" NUMBER, 
	"BOARD_ID" NUMBER
   ) SEGMENT CREATION IMMEDIATE 
  PCTFREE 10 PCTUSED 40 INITRANS 1 MAXTRANS 255 NOCOMPRESS LOGGING
  STORAGE(INITIAL 65536 NEXT 1048576 MINEXTENTS 1 MAXEXTENTS 2147483645
  PCTINCREASE 0 FREELISTS 1 FREELIST GROUPS 1 BUFFER_POOL DEFAULT FLASH_CACHE DEFAULT CELL_FLASH_CACHE DEFAULT)
  TABLESPACE "SYSTEM" ;

   COMMENT ON COLUMN "STUDY_ABOUT"."REPLY"."REPLY_ID" IS '댓글 번호';
   COMMENT ON COLUMN "STUDY_ABOUT"."REPLY"."REPLY_GROUP" IS '그룹';
   COMMENT ON COLUMN "STUDY_ABOUT"."REPLY"."REPLY_STEP" IS '가로';
   COMMENT ON COLUMN "STUDY_ABOUT"."REPLY"."REPLY_INDENT" IS '세로';
   COMMENT ON COLUMN "STUDY_ABOUT"."REPLY"."BOARD_ID" IS '글 번호';
   COMMENT ON TABLE "STUDY_ABOUT"."REPLY"  IS '댓글';
--------------------------------------------------------
--  DDL for Table REVIEW
--------------------------------------------------------

  CREATE TABLE "STUDY_ABOUT"."REVIEW" 
   (	"REVIEW_ID" NUMBER, 
	"ORDER_DETAIL_ID" NUMBER, 
	"BOARD_ID" NUMBER
   ) SEGMENT CREATION IMMEDIATE 
  PCTFREE 10 PCTUSED 40 INITRANS 1 MAXTRANS 255 NOCOMPRESS LOGGING
  STORAGE(INITIAL 65536 NEXT 1048576 MINEXTENTS 1 MAXEXTENTS 2147483645
  PCTINCREASE 0 FREELISTS 1 FREELIST GROUPS 1 BUFFER_POOL DEFAULT FLASH_CACHE DEFAULT CELL_FLASH_CACHE DEFAULT)
  TABLESPACE "SYSTEM" ;

   COMMENT ON COLUMN "STUDY_ABOUT"."REVIEW"."REVIEW_ID" IS '후기 글 번호';
   COMMENT ON COLUMN "STUDY_ABOUT"."REVIEW"."ORDER_DETAIL_ID" IS '주문 상세 번호';
   COMMENT ON COLUMN "STUDY_ABOUT"."REVIEW"."BOARD_ID" IS '글 번호';
   COMMENT ON TABLE "STUDY_ABOUT"."REVIEW"  IS '후기 게시판';
--------------------------------------------------------
--  DDL for Table SALES
--------------------------------------------------------

  CREATE TABLE "STUDY_ABOUT"."SALES" 
   (	"SALES_DATE" DATE DEFAULT sysdate, 
	"SALES_DAILY" NUMBER, 
	"SALES_WEEKLY" NUMBER, 
	"SALES_MONTHLY" NUMBER, 
	"SALES_ANNUAL" NUMBER
   ) SEGMENT CREATION IMMEDIATE 
  PCTFREE 10 PCTUSED 40 INITRANS 1 MAXTRANS 255 NOCOMPRESS LOGGING
  STORAGE(INITIAL 65536 NEXT 1048576 MINEXTENTS 1 MAXEXTENTS 2147483645
  PCTINCREASE 0 FREELISTS 1 FREELIST GROUPS 1 BUFFER_POOL DEFAULT FLASH_CACHE DEFAULT CELL_FLASH_CACHE DEFAULT)
  TABLESPACE "SYSTEM" ;

   COMMENT ON COLUMN "STUDY_ABOUT"."SALES"."SALES_DATE" IS '판매 날짜';
   COMMENT ON COLUMN "STUDY_ABOUT"."SALES"."SALES_DAILY" IS '일일 매출';
   COMMENT ON COLUMN "STUDY_ABOUT"."SALES"."SALES_WEEKLY" IS '주간 매출';
   COMMENT ON COLUMN "STUDY_ABOUT"."SALES"."SALES_MONTHLY" IS '월간 매출';
   COMMENT ON COLUMN "STUDY_ABOUT"."SALES"."SALES_ANNUAL" IS '연간 매출';
   COMMENT ON TABLE "STUDY_ABOUT"."SALES"  IS '매출';
--------------------------------------------------------
--  DDL for Table VIDEO
--------------------------------------------------------

  CREATE TABLE "STUDY_ABOUT"."VIDEO" 
   (	"VIDEO_ID" NUMBER, 
	"VIDEO_NAME" VARCHAR2(100 BYTE), 
	"PRODUCT_ID" NUMBER
   ) SEGMENT CREATION IMMEDIATE 
  PCTFREE 10 PCTUSED 40 INITRANS 1 MAXTRANS 255 NOCOMPRESS LOGGING
  STORAGE(INITIAL 65536 NEXT 1048576 MINEXTENTS 1 MAXEXTENTS 2147483645
  PCTINCREASE 0 FREELISTS 1 FREELIST GROUPS 1 BUFFER_POOL DEFAULT FLASH_CACHE DEFAULT CELL_FLASH_CACHE DEFAULT)
  TABLESPACE "SYSTEM" ;

   COMMENT ON COLUMN "STUDY_ABOUT"."VIDEO"."VIDEO_ID" IS '상품 동영상 파일 번호';
   COMMENT ON COLUMN "STUDY_ABOUT"."VIDEO"."VIDEO_NAME" IS '상품 동영상 파일 명';
   COMMENT ON COLUMN "STUDY_ABOUT"."VIDEO"."PRODUCT_ID" IS '상품 번호';
   COMMENT ON TABLE "STUDY_ABOUT"."VIDEO"  IS '동영상';
REM INSERTING into STUDY_ABOUT.ATTACHMENT
SET DEFINE OFF;
Insert into STUDY_ABOUT.ATTACHMENT (ATTACHMENT_ID,ATTACHMENT_NAME,BOARD_ID) values (563,'http://localhost:8282/files/스물셋-1.png',23);
Insert into STUDY_ABOUT.ATTACHMENT (ATTACHMENT_ID,ATTACHMENT_NAME,BOARD_ID) values (564,'http://localhost:8282/files/이터널플레임.png',24);
Insert into STUDY_ABOUT.ATTACHMENT (ATTACHMENT_ID,ATTACHMENT_NAME,BOARD_ID) values (581,'http://localhost:8282/files/러빙유-2.png',82);
Insert into STUDY_ABOUT.ATTACHMENT (ATTACHMENT_ID,ATTACHMENT_NAME,BOARD_ID) values (661,'http://localhost:8282/files/낭만고양이-1.png',161);
Insert into STUDY_ABOUT.ATTACHMENT (ATTACHMENT_ID,ATTACHMENT_NAME,BOARD_ID) values (601,'http://localhost:8282/files/낭만고양이-2.png',101);
Insert into STUDY_ABOUT.ATTACHMENT (ATTACHMENT_ID,ATTACHMENT_NAME,BOARD_ID) values (621,'http://localhost:8282/files/러빙유-1.png',106);
Insert into STUDY_ABOUT.ATTACHMENT (ATTACHMENT_ID,ATTACHMENT_NAME,BOARD_ID) values (641,'http://localhost:8282/files/봄안녕봄-1.png',143);
Insert into STUDY_ABOUT.ATTACHMENT (ATTACHMENT_ID,ATTACHMENT_NAME,BOARD_ID) values (561,'http://localhost:8282/files/별이진다네-1.png',21);
Insert into STUDY_ABOUT.ATTACHMENT (ATTACHMENT_ID,ATTACHMENT_NAME,BOARD_ID) values (562,'http://localhost:8282/files/빠빠빠-1.png',22);
REM INSERTING into STUDY_ABOUT.AUTHORITY
SET DEFINE OFF;
Insert into STUDY_ABOUT.AUTHORITY (AUTHORITY_ID,AUTHORITY_NAME,MEMBER_NUMBER) values (0,'ROLE_ADMIN',0);
Insert into STUDY_ABOUT.AUTHORITY (AUTHORITY_ID,AUTHORITY_NAME,MEMBER_NUMBER) values (1,'크리에이터',1);
Insert into STUDY_ABOUT.AUTHORITY (AUTHORITY_ID,AUTHORITY_NAME,MEMBER_NUMBER) values (2,'유저',2);
Insert into STUDY_ABOUT.AUTHORITY (AUTHORITY_ID,AUTHORITY_NAME,MEMBER_NUMBER) values (16,'ROLE_USER',20);
Insert into STUDY_ABOUT.AUTHORITY (AUTHORITY_ID,AUTHORITY_NAME,MEMBER_NUMBER) values (21,'ROLE_USER',25);
Insert into STUDY_ABOUT.AUTHORITY (AUTHORITY_ID,AUTHORITY_NAME,MEMBER_NUMBER) values (18,'ROLE_ADMIN',22);
Insert into STUDY_ABOUT.AUTHORITY (AUTHORITY_ID,AUTHORITY_NAME,MEMBER_NUMBER) values (19,'ROLE_USER',23);
Insert into STUDY_ABOUT.AUTHORITY (AUTHORITY_ID,AUTHORITY_NAME,MEMBER_NUMBER) values (20,'ROLE_USER',24);
Insert into STUDY_ABOUT.AUTHORITY (AUTHORITY_ID,AUTHORITY_NAME,MEMBER_NUMBER) values (22,'ROLE_USER',26);
Insert into STUDY_ABOUT.AUTHORITY (AUTHORITY_ID,AUTHORITY_NAME,MEMBER_NUMBER) values (23,'ROLE_USER',27);
Insert into STUDY_ABOUT.AUTHORITY (AUTHORITY_ID,AUTHORITY_NAME,MEMBER_NUMBER) values (31,'ROLE_USER',35);
Insert into STUDY_ABOUT.AUTHORITY (AUTHORITY_ID,AUTHORITY_NAME,MEMBER_NUMBER) values (33,'ROLE_USER',37);
Insert into STUDY_ABOUT.AUTHORITY (AUTHORITY_ID,AUTHORITY_NAME,MEMBER_NUMBER) values (32,'ROLE_USER',36);
Insert into STUDY_ABOUT.AUTHORITY (AUTHORITY_ID,AUTHORITY_NAME,MEMBER_NUMBER) values (34,'ROLE_ADMIN',38);
Insert into STUDY_ABOUT.AUTHORITY (AUTHORITY_ID,AUTHORITY_NAME,MEMBER_NUMBER) values (50,'ROLE_USER',63);
Insert into STUDY_ABOUT.AUTHORITY (AUTHORITY_ID,AUTHORITY_NAME,MEMBER_NUMBER) values (53,'ROLE_USER',66);
Insert into STUDY_ABOUT.AUTHORITY (AUTHORITY_ID,AUTHORITY_NAME,MEMBER_NUMBER) values (47,'ROLE_USER',60);
Insert into STUDY_ABOUT.AUTHORITY (AUTHORITY_ID,AUTHORITY_NAME,MEMBER_NUMBER) values (51,'ROLE_USER',64);
Insert into STUDY_ABOUT.AUTHORITY (AUTHORITY_ID,AUTHORITY_NAME,MEMBER_NUMBER) values (52,'ROLE_USER',65);
Insert into STUDY_ABOUT.AUTHORITY (AUTHORITY_ID,AUTHORITY_NAME,MEMBER_NUMBER) values (54,'ROLE_USER',67);
Insert into STUDY_ABOUT.AUTHORITY (AUTHORITY_ID,AUTHORITY_NAME,MEMBER_NUMBER) values (55,'ROLE_USER',68);
Insert into STUDY_ABOUT.AUTHORITY (AUTHORITY_ID,AUTHORITY_NAME,MEMBER_NUMBER) values (56,'ROLE_USER',69);
Insert into STUDY_ABOUT.AUTHORITY (AUTHORITY_ID,AUTHORITY_NAME,MEMBER_NUMBER) values (57,'ROLE_USER',70);
Insert into STUDY_ABOUT.AUTHORITY (AUTHORITY_ID,AUTHORITY_NAME,MEMBER_NUMBER) values (58,'ROLE_USER',71);
Insert into STUDY_ABOUT.AUTHORITY (AUTHORITY_ID,AUTHORITY_NAME,MEMBER_NUMBER) values (59,'ROLE_USER',72);
Insert into STUDY_ABOUT.AUTHORITY (AUTHORITY_ID,AUTHORITY_NAME,MEMBER_NUMBER) values (60,'ROLE_USER',73);
Insert into STUDY_ABOUT.AUTHORITY (AUTHORITY_ID,AUTHORITY_NAME,MEMBER_NUMBER) values (61,'ROLE_USER',75);
Insert into STUDY_ABOUT.AUTHORITY (AUTHORITY_ID,AUTHORITY_NAME,MEMBER_NUMBER) values (62,'ROLE_USER',76);
Insert into STUDY_ABOUT.AUTHORITY (AUTHORITY_ID,AUTHORITY_NAME,MEMBER_NUMBER) values (63,'ROLE_USER',77);
Insert into STUDY_ABOUT.AUTHORITY (AUTHORITY_ID,AUTHORITY_NAME,MEMBER_NUMBER) values (64,'ROLE_USER',78);
Insert into STUDY_ABOUT.AUTHORITY (AUTHORITY_ID,AUTHORITY_NAME,MEMBER_NUMBER) values (65,'ROLE_USER',79);
Insert into STUDY_ABOUT.AUTHORITY (AUTHORITY_ID,AUTHORITY_NAME,MEMBER_NUMBER) values (66,'ROLE_USER',80);
Insert into STUDY_ABOUT.AUTHORITY (AUTHORITY_ID,AUTHORITY_NAME,MEMBER_NUMBER) values (67,'ROLE_USER',81);
Insert into STUDY_ABOUT.AUTHORITY (AUTHORITY_ID,AUTHORITY_NAME,MEMBER_NUMBER) values (68,'ROLE_USER',82);
Insert into STUDY_ABOUT.AUTHORITY (AUTHORITY_ID,AUTHORITY_NAME,MEMBER_NUMBER) values (69,'ROLE_USER',83);
Insert into STUDY_ABOUT.AUTHORITY (AUTHORITY_ID,AUTHORITY_NAME,MEMBER_NUMBER) values (70,'ROLE_USER',84);
Insert into STUDY_ABOUT.AUTHORITY (AUTHORITY_ID,AUTHORITY_NAME,MEMBER_NUMBER) values (75,'ROLE_USER',89);
Insert into STUDY_ABOUT.AUTHORITY (AUTHORITY_ID,AUTHORITY_NAME,MEMBER_NUMBER) values (79,'ROLE_USER',93);
Insert into STUDY_ABOUT.AUTHORITY (AUTHORITY_ID,AUTHORITY_NAME,MEMBER_NUMBER) values (73,'ROLE_USER',87);
Insert into STUDY_ABOUT.AUTHORITY (AUTHORITY_ID,AUTHORITY_NAME,MEMBER_NUMBER) values (74,'ROLE_ADMIN',88);
Insert into STUDY_ABOUT.AUTHORITY (AUTHORITY_ID,AUTHORITY_NAME,MEMBER_NUMBER) values (80,'ROLE_USER',94);
Insert into STUDY_ABOUT.AUTHORITY (AUTHORITY_ID,AUTHORITY_NAME,MEMBER_NUMBER) values (81,'ROLE_USER',97);
Insert into STUDY_ABOUT.AUTHORITY (AUTHORITY_ID,AUTHORITY_NAME,MEMBER_NUMBER) values (82,'ROLE_USER',98);
Insert into STUDY_ABOUT.AUTHORITY (AUTHORITY_ID,AUTHORITY_NAME,MEMBER_NUMBER) values (83,'ROLE_USER',99);
Insert into STUDY_ABOUT.AUTHORITY (AUTHORITY_ID,AUTHORITY_NAME,MEMBER_NUMBER) values (84,'ROLE_ADMIN',100);
REM INSERTING into STUDY_ABOUT.BOARD
SET DEFINE OFF;
Insert into STUDY_ABOUT.BOARD (BOARD_ID,BOARD_ENABLE,BOARD_TITLE,BOARD_CONTENT,BOARD_DATE,BOARD_HIT,MEMBER_NUMBER,BOARDTYPE_ID,PRODUCT_ID) values (2,'Y','크리에이터 이용방법','회원가입 -> 크리에이터 회원가입 순으로 진행 후,
로그인하면 크리에이터로 바로 이용가능합니다.

기타 문의사항은 문의사항에 남겨주세요.',to_date('22/03/27','RR/MM/DD'),18,0,0,null);
Insert into STUDY_ABOUT.BOARD (BOARD_ID,BOARD_ENABLE,BOARD_TITLE,BOARD_CONTENT,BOARD_DATE,BOARD_HIT,MEMBER_NUMBER,BOARDTYPE_ID,PRODUCT_ID) values (3,'Y','공부어때 홈페이지 이용방법','공부어때는 모든 이용자가 쉽게 사용할 수 있도록 만들었습니다.
원하는 강의를 구매하고 해당 상품의 페이지에서 바로 이용하실 수 있습니다.
',to_date('22/03/27','RR/MM/DD'),25,0,0,null);
Insert into STUDY_ABOUT.BOARD (BOARD_ID,BOARD_ENABLE,BOARD_TITLE,BOARD_CONTENT,BOARD_DATE,BOARD_HIT,MEMBER_NUMBER,BOARDTYPE_ID,PRODUCT_ID) values (6,'N','환불을 하고 싶습니다.','안녕하세요.

파도_비비를 결제했는데 환불을 하고 싶습니다.
환불 절차가 어떻게 되나요?',to_date('22/03/27','RR/MM/DD'),0,20,1,null);
Insert into STUDY_ABOUT.BOARD (BOARD_ID,BOARD_ENABLE,BOARD_TITLE,BOARD_CONTENT,BOARD_DATE,BOARD_HIT,MEMBER_NUMBER,BOARDTYPE_ID,PRODUCT_ID) values (4,'Y','크리에이터로 가입하고 싶습니다.','안녕하세요.

크리에이터로 홈페이지를 이용하고 싶은데
어떤 절차를 거치면 되는지 문의드립니다.',to_date('22/03/27','RR/MM/DD'),25,23,1,null);
Insert into STUDY_ABOUT.BOARD (BOARD_ID,BOARD_ENABLE,BOARD_TITLE,BOARD_CONTENT,BOARD_DATE,BOARD_HIT,MEMBER_NUMBER,BOARDTYPE_ID,PRODUCT_ID) values (5,'N','문의드립니다.','안녕하세요.

제가 듣고 싶은 강의가 있는데
결제 후 바로 이용이 가능한가요?',to_date('22/03/27','RR/MM/DD'),2,35,1,null);
Insert into STUDY_ABOUT.BOARD (BOARD_ID,BOARD_ENABLE,BOARD_TITLE,BOARD_CONTENT,BOARD_DATE,BOARD_HIT,MEMBER_NUMBER,BOARDTYPE_ID,PRODUCT_ID) values (7,'Y','크리에이터로 가입하고 싶습니다.','안녕하세요.

크리에이터 회원가입은 공지사항에 나와 있으니
참고해주시기 바랍니다.

감사합니다.',to_date('22/03/27','RR/MM/DD'),5,22,1,null);
Insert into STUDY_ABOUT.BOARD (BOARD_ID,BOARD_ENABLE,BOARD_TITLE,BOARD_CONTENT,BOARD_DATE,BOARD_HIT,MEMBER_NUMBER,BOARDTYPE_ID,PRODUCT_ID) values (8,'Y','문의드립니다. ','안녕하세요.

강의는 결제 후 바로 이용 가능합니다.
해당 상품 페이지에 들어가서 재생 버튼을 누르시면
됩니다.

이용에 도움이 되셨길 바랍니다.',to_date('22/03/27','RR/MM/DD'),6,22,1,null);
Insert into STUDY_ABOUT.BOARD (BOARD_ID,BOARD_ENABLE,BOARD_TITLE,BOARD_CONTENT,BOARD_DATE,BOARD_HIT,MEMBER_NUMBER,BOARDTYPE_ID,PRODUCT_ID) values (21,'Y','유익한 강의','도움이 되는 유익한 강의입니다!',to_date('22/03/27','RR/MM/DD'),7,23,2,44);
Insert into STUDY_ABOUT.BOARD (BOARD_ID,BOARD_ENABLE,BOARD_TITLE,BOARD_CONTENT,BOARD_DATE,BOARD_HIT,MEMBER_NUMBER,BOARDTYPE_ID,PRODUCT_ID) values (22,'Y','좋은 강의입니다!','추천합니다!',to_date('22/03/27','RR/MM/DD'),15,23,2,49);
Insert into STUDY_ABOUT.BOARD (BOARD_ID,BOARD_ENABLE,BOARD_TITLE,BOARD_CONTENT,BOARD_DATE,BOARD_HIT,MEMBER_NUMBER,BOARDTYPE_ID,PRODUCT_ID) values (23,'Y','지인에게도 추천했습니다!','좋아요!',to_date('22/03/27','RR/MM/DD'),18,23,2,50);
Insert into STUDY_ABOUT.BOARD (BOARD_ID,BOARD_ENABLE,BOARD_TITLE,BOARD_CONTENT,BOARD_DATE,BOARD_HIT,MEMBER_NUMBER,BOARDTYPE_ID,PRODUCT_ID) values (24,'Y','음..','다른 강의랑 비교했을 때
큰 차이점을 모르겠네요...',to_date('22/03/27','RR/MM/DD'),4,23,2,41);
Insert into STUDY_ABOUT.BOARD (BOARD_ID,BOARD_ENABLE,BOARD_TITLE,BOARD_CONTENT,BOARD_DATE,BOARD_HIT,MEMBER_NUMBER,BOARDTYPE_ID,PRODUCT_ID) values (25,'Y','환불정책','안녕하세요.

공부어때는 정부에서 정한 환불 정책을 따르고 있습니다.

환불 규정 유의사항
- 본 상품은 전문가가 구매회원의 주문 의뢰 내용을 전반적으로 검토한 후 산출물을 작성하여 구매회원에게 제공하는 맞춤형 용역 상품으로서, 원칙적으로 가분하기 어려운 성격의 상품입니다.

전문가가 구매회원의 주문 의뢰 내용에 따라 용역의 제공을 개시한 이후에는 전자상거래법 제17조 제2항 제5호에 따라 원칙적으로 청약철회가 제한됩니다.

- 또한 본 상품은 구매회원의 주문 의뢰에 따라 개별적으로 생산되는 용역 상품으로서, 전자상거래법 제13조 제2항 제5호에 따른 청약철회 등을 인정하는 경우 다른 구매회원에게 산출물(상담시간)을 판매할 수 없다는 점 등 전문가에게 회복할 수 없는 중대한 피해가 예상되는 경우에 해당하여 전문가가 구매회원의 주문 의뢰 내용에 따라 용역의 제공을 개시한 이후에는 전자상거래법 제17조 제2항 제6호에 따라 원칙적으로 청약철회가 제한됩니다.

',to_date('22/03/27','RR/MM/DD'),1,0,0,null);
Insert into STUDY_ABOUT.BOARD (BOARD_ID,BOARD_ENABLE,BOARD_TITLE,BOARD_CONTENT,BOARD_DATE,BOARD_HIT,MEMBER_NUMBER,BOARDTYPE_ID,PRODUCT_ID) values (26,'Y','문의드립니다.','강의를 다운로드를 받을 수 있나요?',to_date('22/03/27','RR/MM/DD'),10,37,1,null);
Insert into STUDY_ABOUT.BOARD (BOARD_ID,BOARD_ENABLE,BOARD_TITLE,BOARD_CONTENT,BOARD_DATE,BOARD_HIT,MEMBER_NUMBER,BOARDTYPE_ID,PRODUCT_ID) values (27,'N','문의드립니다.','강의를 구매하면 영구적으로 이용가능한가요?',to_date('22/03/27','RR/MM/DD'),1,60,1,null);
Insert into STUDY_ABOUT.BOARD (BOARD_ID,BOARD_ENABLE,BOARD_TITLE,BOARD_CONTENT,BOARD_DATE,BOARD_HIT,MEMBER_NUMBER,BOARDTYPE_ID,PRODUCT_ID) values (28,'N','동영상 재생이 안돼요','동영상 재생이 안됩니다.',to_date('22/03/27','RR/MM/DD'),1,27,1,null);
Insert into STUDY_ABOUT.BOARD (BOARD_ID,BOARD_ENABLE,BOARD_TITLE,BOARD_CONTENT,BOARD_DATE,BOARD_HIT,MEMBER_NUMBER,BOARDTYPE_ID,PRODUCT_ID) values (41,'Y','좋아요~~~','유익한 강의입니다.',to_date('22/03/28','RR/MM/DD'),0,23,2,46);
Insert into STUDY_ABOUT.BOARD (BOARD_ID,BOARD_ENABLE,BOARD_TITLE,BOARD_CONTENT,BOARD_DATE,BOARD_HIT,MEMBER_NUMBER,BOARDTYPE_ID,PRODUCT_ID) values (61,'Y','러빙유 ','좋아요~~~',to_date('22/03/28','RR/MM/DD'),0,23,2,46);
Insert into STUDY_ABOUT.BOARD (BOARD_ID,BOARD_ENABLE,BOARD_TITLE,BOARD_CONTENT,BOARD_DATE,BOARD_HIT,MEMBER_NUMBER,BOARDTYPE_ID,PRODUCT_ID) values (62,'Y','보통이에요','보통입니다',to_date('22/03/28','RR/MM/DD'),0,23,2,46);
Insert into STUDY_ABOUT.BOARD (BOARD_ID,BOARD_ENABLE,BOARD_TITLE,BOARD_CONTENT,BOARD_DATE,BOARD_HIT,MEMBER_NUMBER,BOARDTYPE_ID,PRODUCT_ID) values (63,'Y','신곡입니다','좋아요',to_date('22/03/28','RR/MM/DD'),0,23,2,49);
Insert into STUDY_ABOUT.BOARD (BOARD_ID,BOARD_ENABLE,BOARD_TITLE,BOARD_CONTENT,BOARD_DATE,BOARD_HIT,MEMBER_NUMBER,BOARDTYPE_ID,PRODUCT_ID) values (81,'Y','추천합니다','좋아요~~~~',to_date('22/03/28','RR/MM/DD'),0,23,2,47);
Insert into STUDY_ABOUT.BOARD (BOARD_ID,BOARD_ENABLE,BOARD_TITLE,BOARD_CONTENT,BOARD_DATE,BOARD_HIT,MEMBER_NUMBER,BOARDTYPE_ID,PRODUCT_ID) values (82,'Y','흐;희','ㅎㅎㅎㅎ',to_date('22/03/28','RR/MM/DD'),4,23,2,44);
Insert into STUDY_ABOUT.BOARD (BOARD_ID,BOARD_ENABLE,BOARD_TITLE,BOARD_CONTENT,BOARD_DATE,BOARD_HIT,MEMBER_NUMBER,BOARDTYPE_ID,PRODUCT_ID) values (141,'Y','선배님이 좋아하세요','스페이스A',to_date('22/03/29','RR/MM/DD'),0,35,2,48);
Insert into STUDY_ABOUT.BOARD (BOARD_ID,BOARD_ENABLE,BOARD_TITLE,BOARD_CONTENT,BOARD_DATE,BOARD_HIT,MEMBER_NUMBER,BOARDTYPE_ID,PRODUCT_ID) values (84,'Y','별이져서','별 5개',to_date('22/03/28','RR/MM/DD'),0,23,2,44);
Insert into STUDY_ABOUT.BOARD (BOARD_ID,BOARD_ENABLE,BOARD_TITLE,BOARD_CONTENT,BOARD_DATE,BOARD_HIT,MEMBER_NUMBER,BOARDTYPE_ID,PRODUCT_ID) values (101,'Y','흐아..','1',to_date('22/03/28','RR/MM/DD'),2,23,2,44);
Insert into STUDY_ABOUT.BOARD (BOARD_ID,BOARD_ENABLE,BOARD_TITLE,BOARD_CONTENT,BOARD_DATE,BOARD_HIT,MEMBER_NUMBER,BOARDTYPE_ID,PRODUCT_ID) values (102,'Y','아이유....','후기..',to_date('22/03/28','RR/MM/DD'),0,23,2,50);
Insert into STUDY_ABOUT.BOARD (BOARD_ID,BOARD_ENABLE,BOARD_TITLE,BOARD_CONTENT,BOARD_DATE,BOARD_HIT,MEMBER_NUMBER,BOARDTYPE_ID,PRODUCT_ID) values (103,'Y','별이...진다네...~~~~','별5개',to_date('22/03/28','RR/MM/DD'),0,23,2,44);
Insert into STUDY_ABOUT.BOARD (BOARD_ID,BOARD_ENABLE,BOARD_TITLE,BOARD_CONTENT,BOARD_DATE,BOARD_HIT,MEMBER_NUMBER,BOARDTYPE_ID,PRODUCT_ID) values (104,'Y','별..','11',to_date('22/03/28','RR/MM/DD'),0,23,2,44);
Insert into STUDY_ABOUT.BOARD (BOARD_ID,BOARD_ENABLE,BOARD_TITLE,BOARD_CONTENT,BOARD_DATE,BOARD_HIT,MEMBER_NUMBER,BOARDTYPE_ID,PRODUCT_ID) values (105,'Y','섹시한남자~~~','11',to_date('22/03/28','RR/MM/DD'),0,23,2,48);
Insert into STUDY_ABOUT.BOARD (BOARD_ID,BOARD_ENABLE,BOARD_TITLE,BOARD_CONTENT,BOARD_DATE,BOARD_HIT,MEMBER_NUMBER,BOARDTYPE_ID,PRODUCT_ID) values (106,'Y','쏘쿨','~~',to_date('22/03/28','RR/MM/DD'),1,23,2,47);
Insert into STUDY_ABOUT.BOARD (BOARD_ID,BOARD_ENABLE,BOARD_TITLE,BOARD_CONTENT,BOARD_DATE,BOARD_HIT,MEMBER_NUMBER,BOARDTYPE_ID,PRODUCT_ID) values (1,'Y','공지사항','공지사항입니다.',to_date('22/03/27','RR/MM/DD'),21,0,0,null);
Insert into STUDY_ABOUT.BOARD (BOARD_ID,BOARD_ENABLE,BOARD_TITLE,BOARD_CONTENT,BOARD_DATE,BOARD_HIT,MEMBER_NUMBER,BOARDTYPE_ID,PRODUCT_ID) values (142,'Y','선배님이 좋아하세요','스페이스A',to_date('22/03/29','RR/MM/DD'),0,35,2,48);
Insert into STUDY_ABOUT.BOARD (BOARD_ID,BOARD_ENABLE,BOARD_TITLE,BOARD_CONTENT,BOARD_DATE,BOARD_HIT,MEMBER_NUMBER,BOARDTYPE_ID,PRODUCT_ID) values (143,'Y','선배님이 좋아하세요','스페이스A~~~~',to_date('22/03/29','RR/MM/DD'),3,35,2,48);
Insert into STUDY_ABOUT.BOARD (BOARD_ID,BOARD_ENABLE,BOARD_TITLE,BOARD_CONTENT,BOARD_DATE,BOARD_HIT,MEMBER_NUMBER,BOARDTYPE_ID,PRODUCT_ID) values (161,'Y','선배님이 좋아하세요','빠빠빠!',to_date('22/03/29','RR/MM/DD'),0,23,2,49);
Insert into STUDY_ABOUT.BOARD (BOARD_ID,BOARD_ENABLE,BOARD_TITLE,BOARD_CONTENT,BOARD_DATE,BOARD_HIT,MEMBER_NUMBER,BOARDTYPE_ID,PRODUCT_ID) values (162,'N','저랑 관리자만 볼 수 있어요','그렇습니다',to_date('22/03/29','RR/MM/DD'),0,23,1,null);
REM INSERTING into STUDY_ABOUT.BOARDTYPE
SET DEFINE OFF;
Insert into STUDY_ABOUT.BOARDTYPE (BOARDTYPE_ID,BOARDTYPE_NAME) values (0,'공지사항');
Insert into STUDY_ABOUT.BOARDTYPE (BOARDTYPE_ID,BOARDTYPE_NAME) values (1,'QNA');
Insert into STUDY_ABOUT.BOARDTYPE (BOARDTYPE_ID,BOARDTYPE_NAME) values (2,'후기');
REM INSERTING into STUDY_ABOUT.CART
SET DEFINE OFF;
Insert into STUDY_ABOUT.CART (CART_ID,CART_COUNT,MEMBER_NUMBER,PRODUCT_ID) values (249,0,23,54);
Insert into STUDY_ABOUT.CART (CART_ID,CART_COUNT,MEMBER_NUMBER,PRODUCT_ID) values (363,1,22,50);
Insert into STUDY_ABOUT.CART (CART_ID,CART_COUNT,MEMBER_NUMBER,PRODUCT_ID) values (581,1,37,49);
REM INSERTING into STUDY_ABOUT.CATEGORY
SET DEFINE OFF;
Insert into STUDY_ABOUT.CATEGORY (CATEGORY_ID,CATEGORY_NAME,CATEGORY_PARENT) values (100,'취미',null);
Insert into STUDY_ABOUT.CATEGORY (CATEGORY_ID,CATEGORY_NAME,CATEGORY_PARENT) values (101,'가드닝',100);
Insert into STUDY_ABOUT.CATEGORY (CATEGORY_ID,CATEGORY_NAME,CATEGORY_PARENT) values (102,'고전 읽기',100);
Insert into STUDY_ABOUT.CATEGORY (CATEGORY_ID,CATEGORY_NAME,CATEGORY_PARENT) values (200,'금융,재테크',null);
Insert into STUDY_ABOUT.CATEGORY (CATEGORY_ID,CATEGORY_NAME,CATEGORY_PARENT) values (201,'주식',200);
Insert into STUDY_ABOUT.CATEGORY (CATEGORY_ID,CATEGORY_NAME,CATEGORY_PARENT) values (202,'부동산',200);
Insert into STUDY_ABOUT.CATEGORY (CATEGORY_ID,CATEGORY_NAME,CATEGORY_PARENT) values (301,'음악',null);
REM INSERTING into STUDY_ABOUT.COUPON
SET DEFINE OFF;
Insert into STUDY_ABOUT.COUPON (COUPON_ID,COUPON_NAME,COUPON_EXPIRY_DATE,COUPON_DATE,COUPON_RATE,COUPON_PRICE,MEMBER_NUMBER) values (1,'20퍼센트 할인 쿠폰',to_date('23/12/31','RR/MM/DD'),to_date('22/03/08','RR/MM/DD'),20,null,2);
REM INSERTING into STUDY_ABOUT.IMAGE
SET DEFINE OFF;
Insert into STUDY_ABOUT.IMAGE (IMAGE_ID,IMAGE_NAME,PRODUCT_ID) values (35,'http://localhost:8282/files/이터널플래임_아토믹키튼_EternalFlame_AtomicKitten.PNG',41);
Insert into STUDY_ABOUT.IMAGE (IMAGE_ID,IMAGE_NAME,PRODUCT_ID) values (36,'http://localhost:8282/files/낭만고양이_체리필터.PNG',42);
Insert into STUDY_ABOUT.IMAGE (IMAGE_ID,IMAGE_NAME,PRODUCT_ID) values (37,'http://localhost:8282/files/사랑의배터리_홍진영.PNG',43);
Insert into STUDY_ABOUT.IMAGE (IMAGE_ID,IMAGE_NAME,PRODUCT_ID) values (38,'http://localhost:8282/files/여행스케치_별이진다네.PNG',44);
Insert into STUDY_ABOUT.IMAGE (IMAGE_ID,IMAGE_NAME,PRODUCT_ID) values (40,'http://localhost:8282/files/러빙유_시스타.PNG',46);
Insert into STUDY_ABOUT.IMAGE (IMAGE_ID,IMAGE_NAME,PRODUCT_ID) values (41,'http://localhost:8282/files/쏘쿨_시스타.PNG',47);
Insert into STUDY_ABOUT.IMAGE (IMAGE_ID,IMAGE_NAME,PRODUCT_ID) values (42,'http://localhost:8282/files/섹시한남자_스페이스A_1999.PNG',48);
Insert into STUDY_ABOUT.IMAGE (IMAGE_ID,IMAGE_NAME,PRODUCT_ID) values (43,'http://localhost:8282/files/빠빠빠_크레용팝.PNG',49);
Insert into STUDY_ABOUT.IMAGE (IMAGE_ID,IMAGE_NAME,PRODUCT_ID) values (44,'http://localhost:8282/files/스물셋_아이유.PNG',50);
REM INSERTING into STUDY_ABOUT.MEMBER
SET DEFINE OFF;
Insert into STUDY_ABOUT.MEMBER (MEMBER_NUMBER,MEMBER_ID,PASSWORD,MEMBER_NAME,MEMBER_PHONE,MEMBER_EMAIL,MEMBER_ADDRESS,MEMBER_COMPANY,ENABLED) values (93,'rnlgkek511','$2a$10$pr1L/HX.0yJE.ahENjvbPu7aRTnqzo6qhRmhBv5RDGJzrUZXKLK3a','귀한놈','01039394848','rnlgkek@hanmail.net','집주소','회사주소','1');
Insert into STUDY_ABOUT.MEMBER (MEMBER_NUMBER,MEMBER_ID,PASSWORD,MEMBER_NAME,MEMBER_PHONE,MEMBER_EMAIL,MEMBER_ADDRESS,MEMBER_COMPANY,ENABLED) values (1,'creator','qwer1234','엄여수','01023456789','creator@kosmo.com',null,null,'1');
Insert into STUDY_ABOUT.MEMBER (MEMBER_NUMBER,MEMBER_ID,PASSWORD,MEMBER_NAME,MEMBER_PHONE,MEMBER_EMAIL,MEMBER_ADDRESS,MEMBER_COMPANY,ENABLED) values (2,'honggildong','qwer1234','홍길동','01034567890','hong@kosmo.com',null,null,'1');
Insert into STUDY_ABOUT.MEMBER (MEMBER_NUMBER,MEMBER_ID,PASSWORD,MEMBER_NAME,MEMBER_PHONE,MEMBER_EMAIL,MEMBER_ADDRESS,MEMBER_COMPANY,ENABLED) values (13,'13','asdfqwer','새회원','01012341234','newmember@kosmo.com',null,null,'1');
Insert into STUDY_ABOUT.MEMBER (MEMBER_NUMBER,MEMBER_ID,PASSWORD,MEMBER_NAME,MEMBER_PHONE,MEMBER_EMAIL,MEMBER_ADDRESS,MEMBER_COMPANY,ENABLED) values (20,'kbat5','$2a$10$2NeKTOjdTXjJQWrccfB4uuZwxH5/yMK7TqzkiUqj2cki/bPnAH/nO','흥부전','010-1234-5678','hb@google.com','조선 한성부','농민','1');
Insert into STUDY_ABOUT.MEMBER (MEMBER_NUMBER,MEMBER_ID,PASSWORD,MEMBER_NAME,MEMBER_PHONE,MEMBER_EMAIL,MEMBER_ADDRESS,MEMBER_COMPANY,ENABLED) values (25,'kbat2','$2a$10$dpn1r4WgRuYtrmUEg.ah7eUQziLMFEdRNcXZ0y0wRiGZMm/t52tB2','kbat2','000-000-000','kbat2@gmail.com','서울시','코스모','1');
Insert into STUDY_ABOUT.MEMBER (MEMBER_NUMBER,MEMBER_ID,PASSWORD,MEMBER_NAME,MEMBER_PHONE,MEMBER_EMAIL,MEMBER_ADDRESS,MEMBER_COMPANY,ENABLED) values (22,'kbatc5','$2a$10$44SDfIBPIEkwOK2kintHBuR.suHtlrBcgogKcpSonYtNFhYGr6xXO','워싱턴','010-1234-5678','w@google.com','미국 워싱턴DC','백','1');
Insert into STUDY_ABOUT.MEMBER (MEMBER_NUMBER,MEMBER_ID,PASSWORD,MEMBER_NAME,MEMBER_PHONE,MEMBER_EMAIL,MEMBER_ADDRESS,MEMBER_COMPANY,ENABLED) values (23,'kbat1','$2a$10$bmWLhZvGcU/HNNB9dqgfaekQKFWiLyisufazdt6m9u3McLuX.zOGe','공개수정테스트','수정테스트','bbb@kosmo.com','금천구','코스모','1');
Insert into STUDY_ABOUT.MEMBER (MEMBER_NUMBER,MEMBER_ID,PASSWORD,MEMBER_NAME,MEMBER_PHONE,MEMBER_EMAIL,MEMBER_ADDRESS,MEMBER_COMPANY,ENABLED) values (24,'asdf','$2a$10$Nh78qOTEtcrqiZNRtVCpdeYBqsIYsJ7siLpMcj4H9AR4fC9oPecDi','dsf','dsdsf','dsfsdf','dsfsdf','dfdsf','1');
Insert into STUDY_ABOUT.MEMBER (MEMBER_NUMBER,MEMBER_ID,PASSWORD,MEMBER_NAME,MEMBER_PHONE,MEMBER_EMAIL,MEMBER_ADDRESS,MEMBER_COMPANY,ENABLED) values (26,'kbat2','$2a$10$nwC9hEP6YXmDJ/0hIQs9zelr16/4jbemxYg.M13scD.2BEHGi9eDK','kbat2','010-1234-5678','kbat1@google.com','서울시 동작구','kosmo','1');
Insert into STUDY_ABOUT.MEMBER (MEMBER_NUMBER,MEMBER_ID,PASSWORD,MEMBER_NAME,MEMBER_PHONE,MEMBER_EMAIL,MEMBER_ADDRESS,MEMBER_COMPANY,ENABLED) values (27,'kbat3','$2a$10$L6xFo4aqsdj5ZATlOpV5aOaLuwlTrV.YEmgBzdS0Kpn9Z8693Qc.6','kbat3','010-1234-5678','kbat1@google.com','서울시 동작구','kosmo','1');
Insert into STUDY_ABOUT.MEMBER (MEMBER_NUMBER,MEMBER_ID,PASSWORD,MEMBER_NAME,MEMBER_PHONE,MEMBER_EMAIL,MEMBER_ADDRESS,MEMBER_COMPANY,ENABLED) values (35,'sheum8@gmail.com','$2a$10$Uw84ZKkAjY8TD9THAMZine40MM8uNPs1OvBXgSC1oEoEnaAUFwph.','엄선화','입력해주세요','sheum8@gmail.com','입력해주세요','입력해주세요','1');
Insert into STUDY_ABOUT.MEMBER (MEMBER_NUMBER,MEMBER_ID,PASSWORD,MEMBER_NAME,MEMBER_PHONE,MEMBER_EMAIL,MEMBER_ADDRESS,MEMBER_COMPANY,ENABLED) values (37,'eum1720@naver.com','$2a$10$JBi6aHlA831NOm7ZsUXvveshaJgjQV6NyF4K10eO4w9fAJanKSLaK','엄선화','입력해주세요','eum1720@naver.com','입력해주세요','입력해주세요','1');
Insert into STUDY_ABOUT.MEMBER (MEMBER_NUMBER,MEMBER_ID,PASSWORD,MEMBER_NAME,MEMBER_PHONE,MEMBER_EMAIL,MEMBER_ADDRESS,MEMBER_COMPANY,ENABLED) values (36,'awesuuun8@gmail.com','$2a$10$.FdhgjkYzQhC2nyeXqTZuuegINxY8NKqOjcaFLEcdxjoWY0Tn/sdy','엄선화','입력해주세요','awesuuun8@gmail.com','입력해주세요','입력해주세요','1');
Insert into STUDY_ABOUT.MEMBER (MEMBER_NUMBER,MEMBER_ID,PASSWORD,MEMBER_NAME,MEMBER_PHONE,MEMBER_EMAIL,MEMBER_ADDRESS,MEMBER_COMPANY,ENABLED) values (38,'creator1','$2a$10$z0lPUehrLQNOp6m9kbMIjea9ZDkp/Hunl8IEjYBdN5tm284jZGy0m','creator','010-1234-5678','w@google.com','서울시','농민','1');
Insert into STUDY_ABOUT.MEMBER (MEMBER_NUMBER,MEMBER_ID,PASSWORD,MEMBER_NAME,MEMBER_PHONE,MEMBER_EMAIL,MEMBER_ADDRESS,MEMBER_COMPANY,ENABLED) values (66,'hong1515','$2a$10$nNk2mxnwEgGrCb1Bp34B/uPVmJuXGj6A3RPArX6CUDKrl9F2Yf6Ge','홍길동수','01039394848','hong15@naver.com','집','회사','1');
Insert into STUDY_ABOUT.MEMBER (MEMBER_NUMBER,MEMBER_ID,PASSWORD,MEMBER_NAME,MEMBER_PHONE,MEMBER_EMAIL,MEMBER_ADDRESS,MEMBER_COMPANY,ENABLED) values (60,'doobob-3-@hanmail.net','$2a$10$PT9A5Bs4319EK5FXqTrK/.Q7/UB.j3rtTdxXHjzpCgdRzRHzG7WFC','엄선화','입력해주세요','doobob-3-@hanmail.net','입력해주세요','입력해주세요','1');
Insert into STUDY_ABOUT.MEMBER (MEMBER_NUMBER,MEMBER_ID,PASSWORD,MEMBER_NAME,MEMBER_PHONE,MEMBER_EMAIL,MEMBER_ADDRESS,MEMBER_COMPANY,ENABLED) values (63,'user','$2a$10$b69vSWJxi6SsN6UmJgj/3OM1ggErJMvr6cjZZrwBFjCOewvJtRfha','유저','01049495858','user@naver.com','유저집','SAMSUNG','1');
Insert into STUDY_ABOUT.MEMBER (MEMBER_NUMBER,MEMBER_ID,PASSWORD,MEMBER_NAME,MEMBER_PHONE,MEMBER_EMAIL,MEMBER_ADDRESS,MEMBER_COMPANY,ENABLED) values (64,'add12334','$2a$10$/.CISSmEeCpCM29y7TlO5ONleUckVXWaTUaE0yYbnuaC9PWUyOEIi','asd123','asd1233','asd123',null,null,'1');
Insert into STUDY_ABOUT.MEMBER (MEMBER_NUMBER,MEMBER_ID,PASSWORD,MEMBER_NAME,MEMBER_PHONE,MEMBER_EMAIL,MEMBER_ADDRESS,MEMBER_COMPANY,ENABLED) values (65,'user5141','$2a$10$P1k4dJtX3TgkeUrfGcbLR.PjIrDcqZa6L3Lv7EQeTKaRxEQax9vdK','김유저','01039394848','dkelektm@naver.com','서울','회사임','1');
Insert into STUDY_ABOUT.MEMBER (MEMBER_NUMBER,MEMBER_ID,PASSWORD,MEMBER_NAME,MEMBER_PHONE,MEMBER_EMAIL,MEMBER_ADDRESS,MEMBER_COMPANY,ENABLED) values (67,'user1592','$2a$10$dV2Hl5fpqfo7Ryy0FDoHu.PrV8o0y/L1Yph5QKIuOMFkPe7AhyfL2','user1234','01082985094','user1515@naver.com','서울 유저','서울 회사임','1');
Insert into STUDY_ABOUT.MEMBER (MEMBER_NUMBER,MEMBER_ID,PASSWORD,MEMBER_NAME,MEMBER_PHONE,MEMBER_EMAIL,MEMBER_ADDRESS,MEMBER_COMPANY,ENABLED) values (68,'user1515','$2a$10$/xsCh8L7.IIakwE/ksrvK.ZTsVfSf2Gv/lpkBH5o7LFuVn0CJLV0.','유저한','0108492','user1554@naver.com','서울집','서울회사','1');
Insert into STUDY_ABOUT.MEMBER (MEMBER_NUMBER,MEMBER_ID,PASSWORD,MEMBER_NAME,MEMBER_PHONE,MEMBER_EMAIL,MEMBER_ADDRESS,MEMBER_COMPANY,ENABLED) values (69,'rnlgkek123','$2a$10$oLr7Q4n5BX6E9qRJKz/PK.1mEFneBSb9nI/4LZC6z50gVMqFcMhHG','유저한','0108492','user1554@naver.com','서울집','서울회사','1');
Insert into STUDY_ABOUT.MEMBER (MEMBER_NUMBER,MEMBER_ID,PASSWORD,MEMBER_NAME,MEMBER_PHONE,MEMBER_EMAIL,MEMBER_ADDRESS,MEMBER_COMPANY,ENABLED) values (70,'rnlgkek','$2a$10$AArpIWPAsAMOj1.1pQ1rDuVsGAOcCmMbrcWbHlIRIgSjqNY5DtNCu','귀하다','01049495858','rnlgkek@naver.com','귀하다','귀함','1');
Insert into STUDY_ABOUT.MEMBER (MEMBER_NUMBER,MEMBER_ID,PASSWORD,MEMBER_NAME,MEMBER_PHONE,MEMBER_EMAIL,MEMBER_ADDRESS,MEMBER_COMPANY,ENABLED) values (71,'rnlgkek123','$2a$10$qs0FhHkfnF.ef.b.iZofqu.RalvAfceiDIRnQLRk59U39zSvoS.MC','김귀남','01049493828','rnlgkek13@hanmail.net','홍네회사','홍네집','1');
Insert into STUDY_ABOUT.MEMBER (MEMBER_NUMBER,MEMBER_ID,PASSWORD,MEMBER_NAME,MEMBER_PHONE,MEMBER_EMAIL,MEMBER_ADDRESS,MEMBER_COMPANY,ENABLED) values (72,'rnlgkek1515','$2a$10$bT4H.OEZGMiHuN7ZipHBd.AQD.w7QodEpysPVnwtsUF.p.FqGISA.','귀한남','01092849582','adsf123@gmail.com','서울','회사','1');
Insert into STUDY_ABOUT.MEMBER (MEMBER_NUMBER,MEMBER_ID,PASSWORD,MEMBER_NAME,MEMBER_PHONE,MEMBER_EMAIL,MEMBER_ADDRESS,MEMBER_COMPANY,ENABLED) values (73,'rnlgkek514','$2a$10$/s7UsqYUzTYWEiDhfaR.LOTd9YLzfIT07VLUcnKITD2v2fCvUyJZq','귀함나','01094858294','qwe123@naver.com','홍네집','홍네회사','1');
Insert into STUDY_ABOUT.MEMBER (MEMBER_NUMBER,MEMBER_ID,PASSWORD,MEMBER_NAME,MEMBER_PHONE,MEMBER_EMAIL,MEMBER_ADDRESS,MEMBER_COMPANY,ENABLED) values (75,'qwe123123','$2a$10$oPnf1fOb5bRxWA0POQ8TzOlxZxFtfU2wXsDiHXRDjqr8KCaJnwij.','김귀남','01049495858','qwe123@gmail.com','서울','콤파니','1');
Insert into STUDY_ABOUT.MEMBER (MEMBER_NUMBER,MEMBER_ID,PASSWORD,MEMBER_NAME,MEMBER_PHONE,MEMBER_EMAIL,MEMBER_ADDRESS,MEMBER_COMPANY,ENABLED) values (76,'qwe154','$2a$10$7bFmQItjmUKlM.aI9dJH0eey.GKZNU7WB5eYoKdACrWEnOb7kWXLq','한유저','01049495858','qwe154@gmail.com','서울','귀한회사','1');
Insert into STUDY_ABOUT.MEMBER (MEMBER_NUMBER,MEMBER_ID,PASSWORD,MEMBER_NAME,MEMBER_PHONE,MEMBER_EMAIL,MEMBER_ADDRESS,MEMBER_COMPANY,ENABLED) values (77,'qwe154','$2a$10$IjBSOtn61Rl9pn.8MWYHwencN2M.K4nygTe8PvON77c8AS0XgHZz2','한유저','01049495858','@naver.com','서울','귀한회사','1');
Insert into STUDY_ABOUT.MEMBER (MEMBER_NUMBER,MEMBER_ID,PASSWORD,MEMBER_NAME,MEMBER_PHONE,MEMBER_EMAIL,MEMBER_ADDRESS,MEMBER_COMPANY,ENABLED) values (78,'qwe154','$2a$10$TMqhUSaAOQ75YwUpN5xggep1eZ99L4O/SSiMisKuKkCk4hRvaWQyO','한유저','01049495858','@naver.com','서울','귀한회사','1');
Insert into STUDY_ABOUT.MEMBER (MEMBER_NUMBER,MEMBER_ID,PASSWORD,MEMBER_NAME,MEMBER_PHONE,MEMBER_EMAIL,MEMBER_ADDRESS,MEMBER_COMPANY,ENABLED) values (79,'qwe123','$2a$10$3RFSfdw5kQ.DoepYlyA8FeD7YDY8zEFSKDPra1nsvYx6Mh.0dBRFK','귀한사람','01039394858','asd123@hanmail.net','귀한','SAMSUNG','1');
Insert into STUDY_ABOUT.MEMBER (MEMBER_NUMBER,MEMBER_ID,PASSWORD,MEMBER_NAME,MEMBER_PHONE,MEMBER_EMAIL,MEMBER_ADDRESS,MEMBER_COMPANY,ENABLED) values (80,'icemaker','$2a$10$IMpYnCe2FexANRxFVJhkMexnQrsvaW3HYa1c.ryikywODtYKflLZG','귀한사람','0108492','qwe123@hanmail.net','귀한','귀한회사','1');
Insert into STUDY_ABOUT.MEMBER (MEMBER_NUMBER,MEMBER_ID,PASSWORD,MEMBER_NAME,MEMBER_PHONE,MEMBER_EMAIL,MEMBER_ADDRESS,MEMBER_COMPANY,ENABLED) values (81,'icemaker2','$2a$10$VKxuNYwJ2Spy3JFo5L35BeFsk5s2c3NYk6riaSR1o2iNqcjDhA1UG','귀한사람','0108492qwe','qwe123@daum.net','귀한','귀한회사','1');
Insert into STUDY_ABOUT.MEMBER (MEMBER_NUMBER,MEMBER_ID,PASSWORD,MEMBER_NAME,MEMBER_PHONE,MEMBER_EMAIL,MEMBER_ADDRESS,MEMBER_COMPANY,ENABLED) values (82,'firemaker1','$2a$10$3MV7B0Tf0bWucCHVTmYZy.WG/.Kdxw2lMCxIaWb/lykoPdY6P6bPm','김회장','0109382','fire51@gmail.com','서울','귀한회사','1');
Insert into STUDY_ABOUT.MEMBER (MEMBER_NUMBER,MEMBER_ID,PASSWORD,MEMBER_NAME,MEMBER_PHONE,MEMBER_EMAIL,MEMBER_ADDRESS,MEMBER_COMPANY,ENABLED) values (83,'bigminik@gmail.com','$2a$10$EyIP72abvNw5XS9Aumq8PuvEJY9ZQv6ufRZyG5oDTl5fhfSz2tZjK','kim any','입력해주세요','bigminik@gmail.com','입력해주세요','입력해주세요','1');
Insert into STUDY_ABOUT.MEMBER (MEMBER_NUMBER,MEMBER_ID,PASSWORD,MEMBER_NAME,MEMBER_PHONE,MEMBER_EMAIL,MEMBER_ADDRESS,MEMBER_COMPANY,ENABLED) values (84,'bigminik@naver.com','$2a$10$6bH3KJk1O4xeGoT1INfEcuEsK/IVZ/m/lWQ53qLaTeyT7ASCswTIW','김대민','입력해주세요','bigminik@naver.com','입력해주세요','입력해주세요','1');
Insert into STUDY_ABOUT.MEMBER (MEMBER_NUMBER,MEMBER_ID,PASSWORD,MEMBER_NAME,MEMBER_PHONE,MEMBER_EMAIL,MEMBER_ADDRESS,MEMBER_COMPANY,ENABLED) values (89,'kbat8','$2a$10$kbdPPLK6TOXI9CMm1X3LGObnaidKj10RykUtBl2rW0mOYUTTQqQhy','kbat8','010-1234-5678','kbat1@google.com','서울시 동작구','kosmo','0');
Insert into STUDY_ABOUT.MEMBER (MEMBER_NUMBER,MEMBER_ID,PASSWORD,MEMBER_NAME,MEMBER_PHONE,MEMBER_EMAIL,MEMBER_ADDRESS,MEMBER_COMPANY,ENABLED) values (94,'gkstngus511','$2a$10$uZgxbuDAJa8SyzKM3P/J4.rAmGxByYE7VVpaScINi/ATfIYNzn1wC','귀하다','01039394040','rnlgkek123@gmail.com','집주소','회사주소','1');
Insert into STUDY_ABOUT.MEMBER (MEMBER_NUMBER,MEMBER_ID,PASSWORD,MEMBER_NAME,MEMBER_PHONE,MEMBER_EMAIL,MEMBER_ADDRESS,MEMBER_COMPANY,ENABLED) values (87,'kbat2','$2a$10$JrJJQv3U1jAJ.0mzf.KAIObAgzr7okNcKvHjKdBf9pt0fNvlxhMoi','유저2','010-1234-5678','trump@google.com','조선 한성부 경복궁 ','백악관','1');
Insert into STUDY_ABOUT.MEMBER (MEMBER_NUMBER,MEMBER_ID,PASSWORD,MEMBER_NAME,MEMBER_PHONE,MEMBER_EMAIL,MEMBER_ADDRESS,MEMBER_COMPANY,ENABLED) values (88,'kbatc1','$2a$10$29himtIiP0nIFyTjOBfgpuYCJ1msjIl7f/U8QdV9aNJk7CL59QUoy','관리자1','010-1234-5678','trump@google.com','미국 워싱턴DC ','백악관','1');
Insert into STUDY_ABOUT.MEMBER (MEMBER_NUMBER,MEMBER_ID,PASSWORD,MEMBER_NAME,MEMBER_PHONE,MEMBER_EMAIL,MEMBER_ADDRESS,MEMBER_COMPANY,ENABLED) values (97,'aktjdwn159@nate.com','$2a$10$Xqlbz9kdXa1C78pGFdW4Q.ESfrmsxcpwkN8xCMhUJNZ4WJV5hZH26','마성주','입력해주세요','aktjdwn159@nate.com','입력해주세요','입력해주세요','1');
Insert into STUDY_ABOUT.MEMBER (MEMBER_NUMBER,MEMBER_ID,PASSWORD,MEMBER_NAME,MEMBER_PHONE,MEMBER_EMAIL,MEMBER_ADDRESS,MEMBER_COMPANY,ENABLED) values (0,'admin','$2a$10$Lo9gWfdYojBjMjDBURyoW.JbpquDKwy9k2wdmf.WQqCAd1g/k2FXW','관리자','010-1234-5678','kbat1@google.com','서울시 동작구','kosmo','1');
Insert into STUDY_ABOUT.MEMBER (MEMBER_NUMBER,MEMBER_ID,PASSWORD,MEMBER_NAME,MEMBER_PHONE,MEMBER_EMAIL,MEMBER_ADDRESS,MEMBER_COMPANY,ENABLED) values (98,'kbat10000$','$2a$10$777QRQq7NOo6Qj/UuO0.euTeBWB8qZVVxQ4egtWB/S2p/yTi92veK','일반회원kbat10000$','010-1234-5678','trump@google.com','미국 워싱턴DC ','반란군','1');
Insert into STUDY_ABOUT.MEMBER (MEMBER_NUMBER,MEMBER_ID,PASSWORD,MEMBER_NAME,MEMBER_PHONE,MEMBER_EMAIL,MEMBER_ADDRESS,MEMBER_COMPANY,ENABLED) values (99,'kbat10000$','$2a$10$tbzbcZeOtM.6XvHhNcRp8O493Ka8JUwt2d1J0Owr7hcF9e08MO8ea','트럼프','010-1234-5678','pt@abcrus.rus','조선 한성부 ','농민','1');
Insert into STUDY_ABOUT.MEMBER (MEMBER_NUMBER,MEMBER_ID,PASSWORD,MEMBER_NAME,MEMBER_PHONE,MEMBER_EMAIL,MEMBER_ADDRESS,MEMBER_COMPANY,ENABLED) values (100,'kbatc20000','$2a$10$m6hjWkiVKbUfnk/GaV7l5uuM0/vm2jsPe5h4mLs4t28K9ZZJLg9DW','크리에이터1','010-234-5678','kbatc20000@naver.com','미국 워싱턴DC ','크리에이터1','1');
REM INSERTING into STUDY_ABOUT.ORDERS
SET DEFINE OFF;
Insert into STUDY_ABOUT.ORDERS (ORDERS_ID,ORDERS_PRICE,ORDERS_DATE,MEMBER_NUMBER) values (1,null,to_date('22/03/08','RR/MM/DD'),2);
Insert into STUDY_ABOUT.ORDERS (ORDERS_ID,ORDERS_PRICE,ORDERS_DATE,MEMBER_NUMBER) values (42,3000,to_date('22/03/21','RR/MM/DD'),23);
Insert into STUDY_ABOUT.ORDERS (ORDERS_ID,ORDERS_PRICE,ORDERS_DATE,MEMBER_NUMBER) values (21,3000,to_date('22/03/21','RR/MM/DD'),23);
Insert into STUDY_ABOUT.ORDERS (ORDERS_ID,ORDERS_PRICE,ORDERS_DATE,MEMBER_NUMBER) values (41,3000,to_date('22/03/21','RR/MM/DD'),23);
Insert into STUDY_ABOUT.ORDERS (ORDERS_ID,ORDERS_PRICE,ORDERS_DATE,MEMBER_NUMBER) values (43,3000,to_date('22/03/21','RR/MM/DD'),23);
Insert into STUDY_ABOUT.ORDERS (ORDERS_ID,ORDERS_PRICE,ORDERS_DATE,MEMBER_NUMBER) values (102,77000,to_date('22/03/28','RR/MM/DD'),23);
Insert into STUDY_ABOUT.ORDERS (ORDERS_ID,ORDERS_PRICE,ORDERS_DATE,MEMBER_NUMBER) values (46,3000,to_date('22/03/21','RR/MM/DD'),23);
Insert into STUDY_ABOUT.ORDERS (ORDERS_ID,ORDERS_PRICE,ORDERS_DATE,MEMBER_NUMBER) values (47,3000,to_date('22/03/21','RR/MM/DD'),23);
Insert into STUDY_ABOUT.ORDERS (ORDERS_ID,ORDERS_PRICE,ORDERS_DATE,MEMBER_NUMBER) values (48,3000,to_date('22/03/21','RR/MM/DD'),23);
Insert into STUDY_ABOUT.ORDERS (ORDERS_ID,ORDERS_PRICE,ORDERS_DATE,MEMBER_NUMBER) values (49,3000,to_date('22/03/21','RR/MM/DD'),23);
Insert into STUDY_ABOUT.ORDERS (ORDERS_ID,ORDERS_PRICE,ORDERS_DATE,MEMBER_NUMBER) values (81,46000,to_date('22/03/28','RR/MM/DD'),23);
Insert into STUDY_ABOUT.ORDERS (ORDERS_ID,ORDERS_PRICE,ORDERS_DATE,MEMBER_NUMBER) values (51,3000,to_date('22/03/21','RR/MM/DD'),23);
Insert into STUDY_ABOUT.ORDERS (ORDERS_ID,ORDERS_PRICE,ORDERS_DATE,MEMBER_NUMBER) values (52,3000,to_date('22/03/21','RR/MM/DD'),23);
Insert into STUDY_ABOUT.ORDERS (ORDERS_ID,ORDERS_PRICE,ORDERS_DATE,MEMBER_NUMBER) values (53,3000,to_date('22/03/21','RR/MM/DD'),23);
Insert into STUDY_ABOUT.ORDERS (ORDERS_ID,ORDERS_PRICE,ORDERS_DATE,MEMBER_NUMBER) values (101,23000,to_date('22/03/28','RR/MM/DD'),23);
Insert into STUDY_ABOUT.ORDERS (ORDERS_ID,ORDERS_PRICE,ORDERS_DATE,MEMBER_NUMBER) values (55,3000,to_date('22/03/21','RR/MM/DD'),23);
Insert into STUDY_ABOUT.ORDERS (ORDERS_ID,ORDERS_PRICE,ORDERS_DATE,MEMBER_NUMBER) values (61,23000,to_date('22/03/27','RR/MM/DD'),23);
Insert into STUDY_ABOUT.ORDERS (ORDERS_ID,ORDERS_PRICE,ORDERS_DATE,MEMBER_NUMBER) values (103,23000,to_date('22/03/28','RR/MM/DD'),23);
Insert into STUDY_ABOUT.ORDERS (ORDERS_ID,ORDERS_PRICE,ORDERS_DATE,MEMBER_NUMBER) values (104,46000,to_date('22/03/28','RR/MM/DD'),23);
Insert into STUDY_ABOUT.ORDERS (ORDERS_ID,ORDERS_PRICE,ORDERS_DATE,MEMBER_NUMBER) values (105,78000,to_date('22/03/28','RR/MM/DD'),23);
Insert into STUDY_ABOUT.ORDERS (ORDERS_ID,ORDERS_PRICE,ORDERS_DATE,MEMBER_NUMBER) values (121,23000,to_date('22/03/29','RR/MM/DD'),23);
Insert into STUDY_ABOUT.ORDERS (ORDERS_ID,ORDERS_PRICE,ORDERS_DATE,MEMBER_NUMBER) values (122,46000,to_date('22/03/29','RR/MM/DD'),23);
Insert into STUDY_ABOUT.ORDERS (ORDERS_ID,ORDERS_PRICE,ORDERS_DATE,MEMBER_NUMBER) values (123,77000,to_date('22/03/29','RR/MM/DD'),23);
Insert into STUDY_ABOUT.ORDERS (ORDERS_ID,ORDERS_PRICE,ORDERS_DATE,MEMBER_NUMBER) values (124,23000,to_date('22/03/29','RR/MM/DD'),23);
Insert into STUDY_ABOUT.ORDERS (ORDERS_ID,ORDERS_PRICE,ORDERS_DATE,MEMBER_NUMBER) values (141,77000,to_date('22/03/29','RR/MM/DD'),35);
Insert into STUDY_ABOUT.ORDERS (ORDERS_ID,ORDERS_PRICE,ORDERS_DATE,MEMBER_NUMBER) values (161,23000,to_date('22/03/29','RR/MM/DD'),23);
Insert into STUDY_ABOUT.ORDERS (ORDERS_ID,ORDERS_PRICE,ORDERS_DATE,MEMBER_NUMBER) values (162,46000,to_date('22/03/29','RR/MM/DD'),23);
REM INSERTING into STUDY_ABOUT.ORDER_DETAIL
SET DEFINE OFF;
Insert into STUDY_ABOUT.ORDER_DETAIL (ORDER_DETAIL_ID,ORDER_DETAIL_COUNT,ORDERS_ID,PRODUCT_ID) values (1,1,1,null);
Insert into STUDY_ABOUT.ORDER_DETAIL (ORDER_DETAIL_ID,ORDER_DETAIL_COUNT,ORDERS_ID,PRODUCT_ID) values (42,12000,42,40);
Insert into STUDY_ABOUT.ORDER_DETAIL (ORDER_DETAIL_ID,ORDER_DETAIL_COUNT,ORDERS_ID,PRODUCT_ID) values (22,3200,21,38);
Insert into STUDY_ABOUT.ORDER_DETAIL (ORDER_DETAIL_ID,ORDER_DETAIL_COUNT,ORDERS_ID,PRODUCT_ID) values (41,45000,41,39);
Insert into STUDY_ABOUT.ORDER_DETAIL (ORDER_DETAIL_ID,ORDER_DETAIL_COUNT,ORDERS_ID,PRODUCT_ID) values (43,23000,43,41);
Insert into STUDY_ABOUT.ORDER_DETAIL (ORDER_DETAIL_ID,ORDER_DETAIL_COUNT,ORDERS_ID,PRODUCT_ID) values (162,49,162,49);
Insert into STUDY_ABOUT.ORDER_DETAIL (ORDER_DETAIL_ID,ORDER_DETAIL_COUNT,ORDERS_ID,PRODUCT_ID) values (81,46,81,46);
Insert into STUDY_ABOUT.ORDER_DETAIL (ORDER_DETAIL_ID,ORDER_DETAIL_COUNT,ORDERS_ID,PRODUCT_ID) values (46,65000,46,44);
Insert into STUDY_ABOUT.ORDER_DETAIL (ORDER_DETAIL_ID,ORDER_DETAIL_COUNT,ORDERS_ID,PRODUCT_ID) values (47,78000,47,45);
Insert into STUDY_ABOUT.ORDER_DETAIL (ORDER_DETAIL_ID,ORDER_DETAIL_COUNT,ORDERS_ID,PRODUCT_ID) values (48,89000,48,46);
Insert into STUDY_ABOUT.ORDER_DETAIL (ORDER_DETAIL_ID,ORDER_DETAIL_COUNT,ORDERS_ID,PRODUCT_ID) values (49,98000,49,47);
Insert into STUDY_ABOUT.ORDER_DETAIL (ORDER_DETAIL_ID,ORDER_DETAIL_COUNT,ORDERS_ID,PRODUCT_ID) values (101,50,101,50);
Insert into STUDY_ABOUT.ORDER_DETAIL (ORDER_DETAIL_ID,ORDER_DETAIL_COUNT,ORDERS_ID,PRODUCT_ID) values (51,65000,51,43);
Insert into STUDY_ABOUT.ORDER_DETAIL (ORDER_DETAIL_ID,ORDER_DETAIL_COUNT,ORDERS_ID,PRODUCT_ID) values (52,54000,52,49);
Insert into STUDY_ABOUT.ORDER_DETAIL (ORDER_DETAIL_ID,ORDER_DETAIL_COUNT,ORDERS_ID,PRODUCT_ID) values (53,45000,53,50);
Insert into STUDY_ABOUT.ORDER_DETAIL (ORDER_DETAIL_ID,ORDER_DETAIL_COUNT,ORDERS_ID,PRODUCT_ID) values (102,48,102,48);
Insert into STUDY_ABOUT.ORDER_DETAIL (ORDER_DETAIL_ID,ORDER_DETAIL_COUNT,ORDERS_ID,PRODUCT_ID) values (55,67000,55,52);
Insert into STUDY_ABOUT.ORDER_DETAIL (ORDER_DETAIL_ID,ORDER_DETAIL_COUNT,ORDERS_ID,PRODUCT_ID) values (61,50,61,50);
Insert into STUDY_ABOUT.ORDER_DETAIL (ORDER_DETAIL_ID,ORDER_DETAIL_COUNT,ORDERS_ID,PRODUCT_ID) values (103,47,103,47);
Insert into STUDY_ABOUT.ORDER_DETAIL (ORDER_DETAIL_ID,ORDER_DETAIL_COUNT,ORDERS_ID,PRODUCT_ID) values (104,46,104,46);
Insert into STUDY_ABOUT.ORDER_DETAIL (ORDER_DETAIL_ID,ORDER_DETAIL_COUNT,ORDERS_ID,PRODUCT_ID) values (105,44,105,44);
Insert into STUDY_ABOUT.ORDER_DETAIL (ORDER_DETAIL_ID,ORDER_DETAIL_COUNT,ORDERS_ID,PRODUCT_ID) values (121,50,121,50);
Insert into STUDY_ABOUT.ORDER_DETAIL (ORDER_DETAIL_ID,ORDER_DETAIL_COUNT,ORDERS_ID,PRODUCT_ID) values (122,49,122,49);
Insert into STUDY_ABOUT.ORDER_DETAIL (ORDER_DETAIL_ID,ORDER_DETAIL_COUNT,ORDERS_ID,PRODUCT_ID) values (123,48,123,48);
Insert into STUDY_ABOUT.ORDER_DETAIL (ORDER_DETAIL_ID,ORDER_DETAIL_COUNT,ORDERS_ID,PRODUCT_ID) values (124,47,124,47);
Insert into STUDY_ABOUT.ORDER_DETAIL (ORDER_DETAIL_ID,ORDER_DETAIL_COUNT,ORDERS_ID,PRODUCT_ID) values (141,48,141,48);
Insert into STUDY_ABOUT.ORDER_DETAIL (ORDER_DETAIL_ID,ORDER_DETAIL_COUNT,ORDERS_ID,PRODUCT_ID) values (161,50,161,50);
REM INSERTING into STUDY_ABOUT.PRODUCT
SET DEFINE OFF;
Insert into STUDY_ABOUT.PRODUCT (PRODUCT_ID,PRODUCT_NAME,PRODUCT_PRICE,PRODUCT_ENABLE,PRODUCT_DATE,PRODUCT_STOCK,PRODUCT_DESCRIPTION,CATEGORY_ID) values (53,'빙고_거북이',56000,'1',to_date('22/03/21','RR/MM/DD'),1,'그의 친형인 임준환 씨에 의하면, 빙고라는 곡은 터틀맨이 중학교 2학년 시절 작곡한 노래라고 한다. 1984년에 이런 고퀄리티의 노래를 작곡했다는 것',301);
Insert into STUDY_ABOUT.PRODUCT (PRODUCT_ID,PRODUCT_NAME,PRODUCT_PRICE,PRODUCT_ENABLE,PRODUCT_DATE,PRODUCT_STOCK,PRODUCT_DESCRIPTION,CATEGORY_ID) values (54,'버스커_여수밤바다',61000,'1',to_date('22/03/21','RR/MM/DD'),1,'첫사랑 당시에 느낄 수 있는 설렘과 아픔을 그대로 담아낸 가사가 특징이다. 여수 밤바다, 어쿠스틱 발라드 곡으로 장범준이 여수 만성리 해수욕장에서 아르바이트 할 때',301);
Insert into STUDY_ABOUT.PRODUCT (PRODUCT_ID,PRODUCT_NAME,PRODUCT_PRICE,PRODUCT_ENABLE,PRODUCT_DATE,PRODUCT_STOCK,PRODUCT_DESCRIPTION,CATEGORY_ID) values (14,'is product name',35000,'1',to_date('22/03/08','RR/MM/DD'),1,'abcdefg',201);
Insert into STUDY_ABOUT.PRODUCT (PRODUCT_ID,PRODUCT_NAME,PRODUCT_PRICE,PRODUCT_ENABLE,PRODUCT_DATE,PRODUCT_STOCK,PRODUCT_DESCRIPTION,CATEGORY_ID) values (36,'IU.mp4',34000,'1',to_date('22/03/13','RR/MM/DD'),1,'안녕',301);
Insert into STUDY_ABOUT.PRODUCT (PRODUCT_ID,PRODUCT_NAME,PRODUCT_PRICE,PRODUCT_ENABLE,PRODUCT_DATE,PRODUCT_STOCK,PRODUCT_DESCRIPTION,CATEGORY_ID) values (38,'섹시한남자_스페이스A_1999',56000,'1',to_date('22/03/13','RR/MM/DD'),1,'스페이스',301);
Insert into STUDY_ABOUT.PRODUCT (PRODUCT_ID,PRODUCT_NAME,PRODUCT_PRICE,PRODUCT_ENABLE,PRODUCT_DATE,PRODUCT_STOCK,PRODUCT_DESCRIPTION,CATEGORY_ID) values (39,'저스틴비버_스테이',38000,'1',to_date('22/03/13','RR/MM/DD'),1,'저스틴 비버',301);
Insert into STUDY_ABOUT.PRODUCT (PRODUCT_ID,PRODUCT_NAME,PRODUCT_PRICE,PRODUCT_ENABLE,PRODUCT_DATE,PRODUCT_STOCK,PRODUCT_DESCRIPTION,CATEGORY_ID) values (40,'이터널플래임_뱅글스1989',61000,'1',to_date('22/03/13','RR/MM/DD'),1,'팝',301);
Insert into STUDY_ABOUT.PRODUCT (PRODUCT_ID,PRODUCT_NAME,PRODUCT_PRICE,PRODUCT_ENABLE,PRODUCT_DATE,PRODUCT_STOCK,PRODUCT_DESCRIPTION,CATEGORY_ID) values (41,'이터널플래임_아토믹키튼',71000,'1',to_date('22/03/21','RR/MM/DD'),1,'듣기 좋은 팝보다 더 잘 여름더위를 물리칠 수 있는 것은 없는데 Atomic Kitten(아토믹 키튼)은 앨범 가득히 이러한 팝을 담고 있다. 이 트리오의 축제무드의 음악은 만족을 보장하는 가벼운 사운드를 위해 Teen Beat(틴 비트)와 디스코를 믹스하고 있다. ',301);
Insert into STUDY_ABOUT.PRODUCT (PRODUCT_ID,PRODUCT_NAME,PRODUCT_PRICE,PRODUCT_ENABLE,PRODUCT_DATE,PRODUCT_STOCK,PRODUCT_DESCRIPTION,CATEGORY_ID) values (42,'낭만고양이_체리필터',58000,'1',to_date('22/03/21','RR/MM/DD'),1,'체리필터는 체리필터를 대표하는 최고 히트곡인 "낭만고양이"를 선곡하였다. 2집 [Made in Korea]의 타이틀곡이며, 조유진 특유의 시원한 보컬이 매력적인 노래로 록의 부활을 알리기도 한 곡이다.',301);
Insert into STUDY_ABOUT.PRODUCT (PRODUCT_ID,PRODUCT_NAME,PRODUCT_PRICE,PRODUCT_ENABLE,PRODUCT_DATE,PRODUCT_STOCK,PRODUCT_DESCRIPTION,CATEGORY_ID) values (43,'사랑의배터리_홍진영',63000,'1',to_date('22/03/21','RR/MM/DD'),1,'사랑의 배터리는 국내 최고의 작곡가 조영수와 역시 국내 최고의 작사가 강은경의 곡. 밝고 경쾌한 분위기의 신나는 트롯 곡으로 10대부터 4~50대까지 폭넓은 팬 층의 사랑을 받을 것으로 기대된다. ',301);
Insert into STUDY_ABOUT.PRODUCT (PRODUCT_ID,PRODUCT_NAME,PRODUCT_PRICE,PRODUCT_ENABLE,PRODUCT_DATE,PRODUCT_STOCK,PRODUCT_DESCRIPTION,CATEGORY_ID) values (44,'여행스케치_별이진다네',78000,'1',to_date('22/03/21','RR/MM/DD'),1,'마치 알퐁스 도데의 소설 ''별''에 등장하는 양치기 소년의 하룻 밤 꿈을 노래한 듯 아름다운 이 곡은, 발매 후 20년이 넘는 시간이 무색할 만큼 오랫동안 사랑받는 스테디셀러다.',301);
Insert into STUDY_ABOUT.PRODUCT (PRODUCT_ID,PRODUCT_NAME,PRODUCT_PRICE,PRODUCT_ENABLE,PRODUCT_DATE,PRODUCT_STOCK,PRODUCT_DESCRIPTION,CATEGORY_ID) values (45,'빙고_거북이',56000,'1',to_date('22/03/21','RR/MM/DD'),1,'2004년 11월 발매된 거북이 정규 앨범 3집의 후속곡이다.[1][2] 앨범의 타이틀곡은 아니지만, 거북이의 존재를 널리 알리게 한 거북이의 대표곡이며,',301);
Insert into STUDY_ABOUT.PRODUCT (PRODUCT_ID,PRODUCT_NAME,PRODUCT_PRICE,PRODUCT_ENABLE,PRODUCT_DATE,PRODUCT_STOCK,PRODUCT_DESCRIPTION,CATEGORY_ID) values (46,'러빙유_시스타',46000,'1',to_date('22/03/21','RR/MM/DD'),1,'씨스타는 올 여름 모두 함께 즐길 수 있는 썸머 스페셜 앨범 [러빙유(LOVING U)]를 발매. 뜨거운 여름을 약속하며 지금까지와는 또 다른 매력이 살아있는 씨스타만의 유쾌하고 즐거운 에너지를 선사할 예정이다.',301);
Insert into STUDY_ABOUT.PRODUCT (PRODUCT_ID,PRODUCT_NAME,PRODUCT_PRICE,PRODUCT_ENABLE,PRODUCT_DATE,PRODUCT_STOCK,PRODUCT_DESCRIPTION,CATEGORY_ID) values (47,'쏘쿨_시스타',23000,'1',to_date('22/03/21','RR/MM/DD'),1,'타이틀 곡 "So cool"은 히트메이커 용감한 형제가 야심하게 내놓은 신나는 클럽 팝 댄스 곡이다. 강렬한 비트와 시원한 클럽 트랙에 중독성 강한 후렴구가 매력적인 곡으로, ''사랑이 무슨 장난이니. 세상의 반은 남자''라며 과감하게 헤어짐을 받아들이는 여성의 이야기를 담았다. ',301);
Insert into STUDY_ABOUT.PRODUCT (PRODUCT_ID,PRODUCT_NAME,PRODUCT_PRICE,PRODUCT_ENABLE,PRODUCT_DATE,PRODUCT_STOCK,PRODUCT_DESCRIPTION,CATEGORY_ID) values (48,'섹시한남자_스페이스A',77000,'1',to_date('22/03/21','RR/MM/DD'),1,'스페이스 에이는 대한민국의 혼성 댄스 그룹이다. ''빈 공간을 메우는 첫 번째 그룹''이라는 의미를 담고 있는 이들은 1997년 김현정, 정순원, 이구 3인조 혼성 그룹으로 최초 결성되어 그해 10월, 1집 [주홍글씨]로 데뷔했다. ',301);
Insert into STUDY_ABOUT.PRODUCT (PRODUCT_ID,PRODUCT_NAME,PRODUCT_PRICE,PRODUCT_ENABLE,PRODUCT_DATE,PRODUCT_STOCK,PRODUCT_DESCRIPTION,CATEGORY_ID) values (49,'빠빠빠_크레용팝',46000,'1',to_date('22/03/21','RR/MM/DD'),1,' 이번 앨범은 발랄한 댄스음악으로(작사/작곡 김유민) 크레용팝의 톡톡 튀는 매력이 잘 녹아있는 음악이다. 특히 사전 공개된 "빠빠빠" ''직렬5기통춤''은 이미 네티즌들에게 폭소를 자아내게 하는 유머 코드로 자리잡고 있다. ',301);
Insert into STUDY_ABOUT.PRODUCT (PRODUCT_ID,PRODUCT_NAME,PRODUCT_PRICE,PRODUCT_ENABLE,PRODUCT_DATE,PRODUCT_STOCK,PRODUCT_DESCRIPTION,CATEGORY_ID) values (50,'스물셋_아이유',23000,'1',to_date('22/03/21','RR/MM/DD'),1,'이 곡은 이상한 나라의 앨리스의 체셔 고양이를 모티브로 하고 있다.펑키한 비트와 디스코적인 사운드가 가볍고 재미있으면서도 정신 없는 가사와 어우러져 어딘가 약 오르는 곡.',301);
Insert into STUDY_ABOUT.PRODUCT (PRODUCT_ID,PRODUCT_NAME,PRODUCT_PRICE,PRODUCT_ENABLE,PRODUCT_DATE,PRODUCT_STOCK,PRODUCT_DESCRIPTION,CATEGORY_ID) values (52,'버스커버스커 여수밤바다',93000,'1',to_date('22/03/21','RR/MM/DD'),1,'여수시의 10경중 7경으로 바다를 끼고 도는 해안선, 여수도심야경은 낭만과 황홀함을 더해준다. 정확히 말해서 버스커 버스커의 여수 밤바다 노래 .',301);
REM INSERTING into STUDY_ABOUT.PRODUCT_VIEW
SET DEFINE OFF;
Insert into STUDY_ABOUT.PRODUCT_VIEW (VIEW_DATE,MEMBER_NUMBER,PRODUCT_ID,MEMBER_ID) values (to_date('22/03/03','RR/MM/DD'),23,53,null);
REM INSERTING into STUDY_ABOUT.RATING
SET DEFINE OFF;
Insert into STUDY_ABOUT.RATING (RATING_ID,RATING_CHECK,REVIEW_ID) values (823,'★★★★★',843);
Insert into STUDY_ABOUT.RATING (RATING_ID,RATING_CHECK,REVIEW_ID) values (824,'★★☆☆☆',844);
Insert into STUDY_ABOUT.RATING (RATING_ID,RATING_CHECK,REVIEW_ID) values (841,'★☆☆☆☆',902);
Insert into STUDY_ABOUT.RATING (RATING_ID,RATING_CHECK,REVIEW_ID) values (921,'★★★★★',981);
Insert into STUDY_ABOUT.RATING (RATING_ID,RATING_CHECK,REVIEW_ID) values (861,'★☆☆☆☆',921);
Insert into STUDY_ABOUT.RATING (RATING_ID,RATING_CHECK,REVIEW_ID) values (881,'★☆☆☆☆',926);
Insert into STUDY_ABOUT.RATING (RATING_ID,RATING_CHECK,REVIEW_ID) values (901,'★★★★★',963);
Insert into STUDY_ABOUT.RATING (RATING_ID,RATING_CHECK,REVIEW_ID) values (821,'★★★★★',841);
Insert into STUDY_ABOUT.RATING (RATING_ID,RATING_CHECK,REVIEW_ID) values (822,'★★★★☆',842);
REM INSERTING into STUDY_ABOUT.REPLY
SET DEFINE OFF;
Insert into STUDY_ABOUT.REPLY (REPLY_ID,REPLY_GROUP,REPLY_STEP,REPLY_INDENT,BOARD_ID) values (4,841,0,0,4);
Insert into STUDY_ABOUT.REPLY (REPLY_ID,REPLY_GROUP,REPLY_STEP,REPLY_INDENT,BOARD_ID) values (5,842,0,0,5);
Insert into STUDY_ABOUT.REPLY (REPLY_ID,REPLY_GROUP,REPLY_STEP,REPLY_INDENT,BOARD_ID) values (6,843,0,0,6);
Insert into STUDY_ABOUT.REPLY (REPLY_ID,REPLY_GROUP,REPLY_STEP,REPLY_INDENT,BOARD_ID) values (844,841,1,1,7);
Insert into STUDY_ABOUT.REPLY (REPLY_ID,REPLY_GROUP,REPLY_STEP,REPLY_INDENT,BOARD_ID) values (845,842,1,1,8);
Insert into STUDY_ABOUT.REPLY (REPLY_ID,REPLY_GROUP,REPLY_STEP,REPLY_INDENT,BOARD_ID) values (26,861,0,0,26);
Insert into STUDY_ABOUT.REPLY (REPLY_ID,REPLY_GROUP,REPLY_STEP,REPLY_INDENT,BOARD_ID) values (27,862,0,0,27);
Insert into STUDY_ABOUT.REPLY (REPLY_ID,REPLY_GROUP,REPLY_STEP,REPLY_INDENT,BOARD_ID) values (28,863,0,0,28);
Insert into STUDY_ABOUT.REPLY (REPLY_ID,REPLY_GROUP,REPLY_STEP,REPLY_INDENT,BOARD_ID) values (162,881,0,0,162);
REM INSERTING into STUDY_ABOUT.REVIEW
SET DEFINE OFF;
Insert into STUDY_ABOUT.REVIEW (REVIEW_ID,ORDER_DETAIL_ID,BOARD_ID) values (843,53,23);
Insert into STUDY_ABOUT.REVIEW (REVIEW_ID,ORDER_DETAIL_ID,BOARD_ID) values (844,43,24);
Insert into STUDY_ABOUT.REVIEW (REVIEW_ID,ORDER_DETAIL_ID,BOARD_ID) values (902,105,82);
Insert into STUDY_ABOUT.REVIEW (REVIEW_ID,ORDER_DETAIL_ID,BOARD_ID) values (963,141,143);
Insert into STUDY_ABOUT.REVIEW (REVIEW_ID,ORDER_DETAIL_ID,BOARD_ID) values (921,105,101);
Insert into STUDY_ABOUT.REVIEW (REVIEW_ID,ORDER_DETAIL_ID,BOARD_ID) values (926,103,106);
Insert into STUDY_ABOUT.REVIEW (REVIEW_ID,ORDER_DETAIL_ID,BOARD_ID) values (981,162,161);
Insert into STUDY_ABOUT.REVIEW (REVIEW_ID,ORDER_DETAIL_ID,BOARD_ID) values (841,46,21);
Insert into STUDY_ABOUT.REVIEW (REVIEW_ID,ORDER_DETAIL_ID,BOARD_ID) values (842,52,22);
REM INSERTING into STUDY_ABOUT.SALES
SET DEFINE OFF;
REM INSERTING into STUDY_ABOUT.VIDEO
SET DEFINE OFF;
Insert into STUDY_ABOUT.VIDEO (VIDEO_ID,VIDEO_NAME,PRODUCT_ID) values (30,'http://localhost:8282/files/IU.mp4',36);
Insert into STUDY_ABOUT.VIDEO (VIDEO_ID,VIDEO_NAME,PRODUCT_ID) values (32,'http://localhost:8282/files/섹시한남자_스페이스A_1999.mp4',38);
Insert into STUDY_ABOUT.VIDEO (VIDEO_ID,VIDEO_NAME,PRODUCT_ID) values (33,'http://localhost:8282/files/저스틴비버_스테이.mp4',39);
Insert into STUDY_ABOUT.VIDEO (VIDEO_ID,VIDEO_NAME,PRODUCT_ID) values (35,'http://localhost:8282/files/이터널플래임_아토믹키튼_EternalFlame_AtomicKitten.mp4',41);
Insert into STUDY_ABOUT.VIDEO (VIDEO_ID,VIDEO_NAME,PRODUCT_ID) values (36,'http://localhost:8282/files/낭만고양이_체리필터.mp4',42);
Insert into STUDY_ABOUT.VIDEO (VIDEO_ID,VIDEO_NAME,PRODUCT_ID) values (37,'http://localhost:8282/files/사랑의배터리_홍진영.mp4',43);
Insert into STUDY_ABOUT.VIDEO (VIDEO_ID,VIDEO_NAME,PRODUCT_ID) values (38,'http://localhost:8282/files/여행스케치_별이진다네.mp4',44);
Insert into STUDY_ABOUT.VIDEO (VIDEO_ID,VIDEO_NAME,PRODUCT_ID) values (40,'http://localhost:8282/files/러빙유_시스타.mp4',46);
Insert into STUDY_ABOUT.VIDEO (VIDEO_ID,VIDEO_NAME,PRODUCT_ID) values (41,'http://localhost:8282/files/쏘쿨_시스타.mp4',47);
Insert into STUDY_ABOUT.VIDEO (VIDEO_ID,VIDEO_NAME,PRODUCT_ID) values (42,'http://localhost:8282/files/섹시한남자_스페이스A_1999.mp4',48);
Insert into STUDY_ABOUT.VIDEO (VIDEO_ID,VIDEO_NAME,PRODUCT_ID) values (43,'http://localhost:8282/files/빠빠빠_크레용팝.mp4',49);
Insert into STUDY_ABOUT.VIDEO (VIDEO_ID,VIDEO_NAME,PRODUCT_ID) values (44,'http://localhost:8282/files/스물셋_아이유.mp4',50);
--------------------------------------------------------
--  DDL for Index PK_ATTACHMENT
--------------------------------------------------------

  CREATE UNIQUE INDEX "STUDY_ABOUT"."PK_ATTACHMENT" ON "STUDY_ABOUT"."ATTACHMENT" ("ATTACHMENT_ID") 
  PCTFREE 10 INITRANS 2 MAXTRANS 255 COMPUTE STATISTICS 
  STORAGE(INITIAL 65536 NEXT 1048576 MINEXTENTS 1 MAXEXTENTS 2147483645
  PCTINCREASE 0 FREELISTS 1 FREELIST GROUPS 1 BUFFER_POOL DEFAULT FLASH_CACHE DEFAULT CELL_FLASH_CACHE DEFAULT)
  TABLESPACE "SYSTEM" ;
--------------------------------------------------------
--  DDL for Index PK_AUTHORITY
--------------------------------------------------------

  CREATE UNIQUE INDEX "STUDY_ABOUT"."PK_AUTHORITY" ON "STUDY_ABOUT"."AUTHORITY" ("AUTHORITY_ID") 
  PCTFREE 10 INITRANS 2 MAXTRANS 255 COMPUTE STATISTICS 
  STORAGE(INITIAL 65536 NEXT 1048576 MINEXTENTS 1 MAXEXTENTS 2147483645
  PCTINCREASE 0 FREELISTS 1 FREELIST GROUPS 1 BUFFER_POOL DEFAULT FLASH_CACHE DEFAULT CELL_FLASH_CACHE DEFAULT)
  TABLESPACE "SYSTEM" ;
--------------------------------------------------------
--  DDL for Index PK_BOARD
--------------------------------------------------------

  CREATE UNIQUE INDEX "STUDY_ABOUT"."PK_BOARD" ON "STUDY_ABOUT"."BOARD" ("BOARD_ID") 
  PCTFREE 10 INITRANS 2 MAXTRANS 255 COMPUTE STATISTICS 
  STORAGE(INITIAL 65536 NEXT 1048576 MINEXTENTS 1 MAXEXTENTS 2147483645
  PCTINCREASE 0 FREELISTS 1 FREELIST GROUPS 1 BUFFER_POOL DEFAULT FLASH_CACHE DEFAULT CELL_FLASH_CACHE DEFAULT)
  TABLESPACE "SYSTEM" ;
--------------------------------------------------------
--  DDL for Index PK_BOARDTYPE
--------------------------------------------------------

  CREATE UNIQUE INDEX "STUDY_ABOUT"."PK_BOARDTYPE" ON "STUDY_ABOUT"."BOARDTYPE" ("BOARDTYPE_ID") 
  PCTFREE 10 INITRANS 2 MAXTRANS 255 COMPUTE STATISTICS 
  STORAGE(INITIAL 65536 NEXT 1048576 MINEXTENTS 1 MAXEXTENTS 2147483645
  PCTINCREASE 0 FREELISTS 1 FREELIST GROUPS 1 BUFFER_POOL DEFAULT FLASH_CACHE DEFAULT CELL_FLASH_CACHE DEFAULT)
  TABLESPACE "SYSTEM" ;
--------------------------------------------------------
--  DDL for Index PK_CART
--------------------------------------------------------

  CREATE UNIQUE INDEX "STUDY_ABOUT"."PK_CART" ON "STUDY_ABOUT"."CART" ("CART_ID") 
  PCTFREE 10 INITRANS 2 MAXTRANS 255 COMPUTE STATISTICS 
  STORAGE(INITIAL 65536 NEXT 1048576 MINEXTENTS 1 MAXEXTENTS 2147483645
  PCTINCREASE 0 FREELISTS 1 FREELIST GROUPS 1 BUFFER_POOL DEFAULT FLASH_CACHE DEFAULT CELL_FLASH_CACHE DEFAULT)
  TABLESPACE "SYSTEM" ;
--------------------------------------------------------
--  DDL for Index PK_CATEGORY
--------------------------------------------------------

  CREATE UNIQUE INDEX "STUDY_ABOUT"."PK_CATEGORY" ON "STUDY_ABOUT"."CATEGORY" ("CATEGORY_ID") 
  PCTFREE 10 INITRANS 2 MAXTRANS 255 COMPUTE STATISTICS 
  STORAGE(INITIAL 65536 NEXT 1048576 MINEXTENTS 1 MAXEXTENTS 2147483645
  PCTINCREASE 0 FREELISTS 1 FREELIST GROUPS 1 BUFFER_POOL DEFAULT FLASH_CACHE DEFAULT CELL_FLASH_CACHE DEFAULT)
  TABLESPACE "SYSTEM" ;
--------------------------------------------------------
--  DDL for Index PK_COUPON
--------------------------------------------------------

  CREATE UNIQUE INDEX "STUDY_ABOUT"."PK_COUPON" ON "STUDY_ABOUT"."COUPON" ("COUPON_ID") 
  PCTFREE 10 INITRANS 2 MAXTRANS 255 COMPUTE STATISTICS 
  STORAGE(INITIAL 65536 NEXT 1048576 MINEXTENTS 1 MAXEXTENTS 2147483645
  PCTINCREASE 0 FREELISTS 1 FREELIST GROUPS 1 BUFFER_POOL DEFAULT FLASH_CACHE DEFAULT CELL_FLASH_CACHE DEFAULT)
  TABLESPACE "SYSTEM" ;
--------------------------------------------------------
--  DDL for Index PK_IMAGE
--------------------------------------------------------

  CREATE UNIQUE INDEX "STUDY_ABOUT"."PK_IMAGE" ON "STUDY_ABOUT"."IMAGE" ("IMAGE_ID") 
  PCTFREE 10 INITRANS 2 MAXTRANS 255 COMPUTE STATISTICS 
  STORAGE(INITIAL 65536 NEXT 1048576 MINEXTENTS 1 MAXEXTENTS 2147483645
  PCTINCREASE 0 FREELISTS 1 FREELIST GROUPS 1 BUFFER_POOL DEFAULT FLASH_CACHE DEFAULT CELL_FLASH_CACHE DEFAULT)
  TABLESPACE "SYSTEM" ;
--------------------------------------------------------
--  DDL for Index PK_MEMBER
--------------------------------------------------------

  CREATE UNIQUE INDEX "STUDY_ABOUT"."PK_MEMBER" ON "STUDY_ABOUT"."MEMBER" ("MEMBER_NUMBER") 
  PCTFREE 10 INITRANS 2 MAXTRANS 255 COMPUTE STATISTICS 
  STORAGE(INITIAL 65536 NEXT 1048576 MINEXTENTS 1 MAXEXTENTS 2147483645
  PCTINCREASE 0 FREELISTS 1 FREELIST GROUPS 1 BUFFER_POOL DEFAULT FLASH_CACHE DEFAULT CELL_FLASH_CACHE DEFAULT)
  TABLESPACE "SYSTEM" ;
--------------------------------------------------------
--  DDL for Index PK_ORDERS
--------------------------------------------------------

  CREATE UNIQUE INDEX "STUDY_ABOUT"."PK_ORDERS" ON "STUDY_ABOUT"."ORDERS" ("ORDERS_ID") 
  PCTFREE 10 INITRANS 2 MAXTRANS 255 COMPUTE STATISTICS 
  STORAGE(INITIAL 65536 NEXT 1048576 MINEXTENTS 1 MAXEXTENTS 2147483645
  PCTINCREASE 0 FREELISTS 1 FREELIST GROUPS 1 BUFFER_POOL DEFAULT FLASH_CACHE DEFAULT CELL_FLASH_CACHE DEFAULT)
  TABLESPACE "SYSTEM" ;
--------------------------------------------------------
--  DDL for Index PK_ORDER_DETAIL
--------------------------------------------------------

  CREATE UNIQUE INDEX "STUDY_ABOUT"."PK_ORDER_DETAIL" ON "STUDY_ABOUT"."ORDER_DETAIL" ("ORDER_DETAIL_ID") 
  PCTFREE 10 INITRANS 2 MAXTRANS 255 COMPUTE STATISTICS 
  STORAGE(INITIAL 65536 NEXT 1048576 MINEXTENTS 1 MAXEXTENTS 2147483645
  PCTINCREASE 0 FREELISTS 1 FREELIST GROUPS 1 BUFFER_POOL DEFAULT FLASH_CACHE DEFAULT CELL_FLASH_CACHE DEFAULT)
  TABLESPACE "SYSTEM" ;
--------------------------------------------------------
--  DDL for Index PK_PRODUCT
--------------------------------------------------------

  CREATE UNIQUE INDEX "STUDY_ABOUT"."PK_PRODUCT" ON "STUDY_ABOUT"."PRODUCT" ("PRODUCT_ID") 
  PCTFREE 10 INITRANS 2 MAXTRANS 255 COMPUTE STATISTICS 
  STORAGE(INITIAL 65536 NEXT 1048576 MINEXTENTS 1 MAXEXTENTS 2147483645
  PCTINCREASE 0 FREELISTS 1 FREELIST GROUPS 1 BUFFER_POOL DEFAULT FLASH_CACHE DEFAULT CELL_FLASH_CACHE DEFAULT)
  TABLESPACE "SYSTEM" ;
--------------------------------------------------------
--  DDL for Index PK_RATING
--------------------------------------------------------

  CREATE UNIQUE INDEX "STUDY_ABOUT"."PK_RATING" ON "STUDY_ABOUT"."RATING" ("RATING_ID") 
  PCTFREE 10 INITRANS 2 MAXTRANS 255 COMPUTE STATISTICS 
  STORAGE(INITIAL 65536 NEXT 1048576 MINEXTENTS 1 MAXEXTENTS 2147483645
  PCTINCREASE 0 FREELISTS 1 FREELIST GROUPS 1 BUFFER_POOL DEFAULT FLASH_CACHE DEFAULT CELL_FLASH_CACHE DEFAULT)
  TABLESPACE "SYSTEM" ;
--------------------------------------------------------
--  DDL for Index PK_REPLY
--------------------------------------------------------

  CREATE UNIQUE INDEX "STUDY_ABOUT"."PK_REPLY" ON "STUDY_ABOUT"."REPLY" ("REPLY_ID") 
  PCTFREE 10 INITRANS 2 MAXTRANS 255 COMPUTE STATISTICS 
  STORAGE(INITIAL 65536 NEXT 1048576 MINEXTENTS 1 MAXEXTENTS 2147483645
  PCTINCREASE 0 FREELISTS 1 FREELIST GROUPS 1 BUFFER_POOL DEFAULT FLASH_CACHE DEFAULT CELL_FLASH_CACHE DEFAULT)
  TABLESPACE "SYSTEM" ;
--------------------------------------------------------
--  DDL for Index PK_REVIEW
--------------------------------------------------------

  CREATE UNIQUE INDEX "STUDY_ABOUT"."PK_REVIEW" ON "STUDY_ABOUT"."REVIEW" ("REVIEW_ID") 
  PCTFREE 10 INITRANS 2 MAXTRANS 255 COMPUTE STATISTICS 
  STORAGE(INITIAL 65536 NEXT 1048576 MINEXTENTS 1 MAXEXTENTS 2147483645
  PCTINCREASE 0 FREELISTS 1 FREELIST GROUPS 1 BUFFER_POOL DEFAULT FLASH_CACHE DEFAULT CELL_FLASH_CACHE DEFAULT)
  TABLESPACE "SYSTEM" ;
--------------------------------------------------------
--  DDL for Index PK_VIDEO
--------------------------------------------------------

  CREATE UNIQUE INDEX "STUDY_ABOUT"."PK_VIDEO" ON "STUDY_ABOUT"."VIDEO" ("VIDEO_ID") 
  PCTFREE 10 INITRANS 2 MAXTRANS 255 COMPUTE STATISTICS 
  STORAGE(INITIAL 65536 NEXT 1048576 MINEXTENTS 1 MAXEXTENTS 2147483645
  PCTINCREASE 0 FREELISTS 1 FREELIST GROUPS 1 BUFFER_POOL DEFAULT FLASH_CACHE DEFAULT CELL_FLASH_CACHE DEFAULT)
  TABLESPACE "SYSTEM" ;
--------------------------------------------------------
--  DDL for Index PRODUCT_VIEW_PK
--------------------------------------------------------

  CREATE UNIQUE INDEX "STUDY_ABOUT"."PRODUCT_VIEW_PK" ON "STUDY_ABOUT"."PRODUCT_VIEW" ("VIEW_DATE") 
  PCTFREE 10 INITRANS 2 MAXTRANS 255 COMPUTE STATISTICS 
  STORAGE(INITIAL 65536 NEXT 1048576 MINEXTENTS 1 MAXEXTENTS 2147483645
  PCTINCREASE 0 FREELISTS 1 FREELIST GROUPS 1 BUFFER_POOL DEFAULT FLASH_CACHE DEFAULT CELL_FLASH_CACHE DEFAULT)
  TABLESPACE "SYSTEM" ;
--------------------------------------------------------
--  Constraints for Table ATTACHMENT
--------------------------------------------------------

  ALTER TABLE "STUDY_ABOUT"."ATTACHMENT" ADD CONSTRAINT "PK_ATTACHMENT" PRIMARY KEY ("ATTACHMENT_ID")
  USING INDEX PCTFREE 10 INITRANS 2 MAXTRANS 255 COMPUTE STATISTICS 
  STORAGE(INITIAL 65536 NEXT 1048576 MINEXTENTS 1 MAXEXTENTS 2147483645
  PCTINCREASE 0 FREELISTS 1 FREELIST GROUPS 1 BUFFER_POOL DEFAULT FLASH_CACHE DEFAULT CELL_FLASH_CACHE DEFAULT)
  TABLESPACE "SYSTEM"  ENABLE;
  ALTER TABLE "STUDY_ABOUT"."ATTACHMENT" MODIFY ("ATTACHMENT_ID" NOT NULL ENABLE);
--------------------------------------------------------
--  Constraints for Table AUTHORITY
--------------------------------------------------------

  ALTER TABLE "STUDY_ABOUT"."AUTHORITY" ADD CONSTRAINT "PK_AUTHORITY" PRIMARY KEY ("AUTHORITY_ID")
  USING INDEX PCTFREE 10 INITRANS 2 MAXTRANS 255 COMPUTE STATISTICS 
  STORAGE(INITIAL 65536 NEXT 1048576 MINEXTENTS 1 MAXEXTENTS 2147483645
  PCTINCREASE 0 FREELISTS 1 FREELIST GROUPS 1 BUFFER_POOL DEFAULT FLASH_CACHE DEFAULT CELL_FLASH_CACHE DEFAULT)
  TABLESPACE "SYSTEM"  ENABLE;
  ALTER TABLE "STUDY_ABOUT"."AUTHORITY" MODIFY ("AUTHORITY_ID" NOT NULL ENABLE);
--------------------------------------------------------
--  Constraints for Table BOARD
--------------------------------------------------------

  ALTER TABLE "STUDY_ABOUT"."BOARD" ADD CONSTRAINT "PK_BOARD" PRIMARY KEY ("BOARD_ID")
  USING INDEX PCTFREE 10 INITRANS 2 MAXTRANS 255 COMPUTE STATISTICS 
  STORAGE(INITIAL 65536 NEXT 1048576 MINEXTENTS 1 MAXEXTENTS 2147483645
  PCTINCREASE 0 FREELISTS 1 FREELIST GROUPS 1 BUFFER_POOL DEFAULT FLASH_CACHE DEFAULT CELL_FLASH_CACHE DEFAULT)
  TABLESPACE "SYSTEM"  ENABLE;
  ALTER TABLE "STUDY_ABOUT"."BOARD" MODIFY ("BOARD_HIT" NOT NULL ENABLE);
  ALTER TABLE "STUDY_ABOUT"."BOARD" MODIFY ("BOARD_DATE" NOT NULL ENABLE);
  ALTER TABLE "STUDY_ABOUT"."BOARD" MODIFY ("BOARD_CONTENT" NOT NULL ENABLE);
  ALTER TABLE "STUDY_ABOUT"."BOARD" MODIFY ("BOARD_TITLE" NOT NULL ENABLE);
  ALTER TABLE "STUDY_ABOUT"."BOARD" MODIFY ("BOARD_ID" NOT NULL ENABLE);
--------------------------------------------------------
--  Constraints for Table BOARDTYPE
--------------------------------------------------------

  ALTER TABLE "STUDY_ABOUT"."BOARDTYPE" ADD CONSTRAINT "PK_BOARDTYPE" PRIMARY KEY ("BOARDTYPE_ID")
  USING INDEX PCTFREE 10 INITRANS 2 MAXTRANS 255 COMPUTE STATISTICS 
  STORAGE(INITIAL 65536 NEXT 1048576 MINEXTENTS 1 MAXEXTENTS 2147483645
  PCTINCREASE 0 FREELISTS 1 FREELIST GROUPS 1 BUFFER_POOL DEFAULT FLASH_CACHE DEFAULT CELL_FLASH_CACHE DEFAULT)
  TABLESPACE "SYSTEM"  ENABLE;
  ALTER TABLE "STUDY_ABOUT"."BOARDTYPE" MODIFY ("BOARDTYPE_ID" NOT NULL ENABLE);
--------------------------------------------------------
--  Constraints for Table CART
--------------------------------------------------------

  ALTER TABLE "STUDY_ABOUT"."CART" ADD CONSTRAINT "PK_CART" PRIMARY KEY ("CART_ID")
  USING INDEX PCTFREE 10 INITRANS 2 MAXTRANS 255 COMPUTE STATISTICS 
  STORAGE(INITIAL 65536 NEXT 1048576 MINEXTENTS 1 MAXEXTENTS 2147483645
  PCTINCREASE 0 FREELISTS 1 FREELIST GROUPS 1 BUFFER_POOL DEFAULT FLASH_CACHE DEFAULT CELL_FLASH_CACHE DEFAULT)
  TABLESPACE "SYSTEM"  ENABLE;
  ALTER TABLE "STUDY_ABOUT"."CART" MODIFY ("CART_ID" NOT NULL ENABLE);
--------------------------------------------------------
--  Constraints for Table CATEGORY
--------------------------------------------------------

  ALTER TABLE "STUDY_ABOUT"."CATEGORY" ADD CONSTRAINT "PK_CATEGORY" PRIMARY KEY ("CATEGORY_ID")
  USING INDEX PCTFREE 10 INITRANS 2 MAXTRANS 255 COMPUTE STATISTICS 
  STORAGE(INITIAL 65536 NEXT 1048576 MINEXTENTS 1 MAXEXTENTS 2147483645
  PCTINCREASE 0 FREELISTS 1 FREELIST GROUPS 1 BUFFER_POOL DEFAULT FLASH_CACHE DEFAULT CELL_FLASH_CACHE DEFAULT)
  TABLESPACE "SYSTEM"  ENABLE;
  ALTER TABLE "STUDY_ABOUT"."CATEGORY" MODIFY ("CATEGORY_ID" NOT NULL ENABLE);
--------------------------------------------------------
--  Constraints for Table COUPON
--------------------------------------------------------

  ALTER TABLE "STUDY_ABOUT"."COUPON" ADD CONSTRAINT "PK_COUPON" PRIMARY KEY ("COUPON_ID")
  USING INDEX PCTFREE 10 INITRANS 2 MAXTRANS 255 COMPUTE STATISTICS 
  STORAGE(INITIAL 65536 NEXT 1048576 MINEXTENTS 1 MAXEXTENTS 2147483645
  PCTINCREASE 0 FREELISTS 1 FREELIST GROUPS 1 BUFFER_POOL DEFAULT FLASH_CACHE DEFAULT CELL_FLASH_CACHE DEFAULT)
  TABLESPACE "SYSTEM"  ENABLE;
  ALTER TABLE "STUDY_ABOUT"."COUPON" MODIFY ("COUPON_ID" NOT NULL ENABLE);
--------------------------------------------------------
--  Constraints for Table IMAGE
--------------------------------------------------------

  ALTER TABLE "STUDY_ABOUT"."IMAGE" ADD CONSTRAINT "PK_IMAGE" PRIMARY KEY ("IMAGE_ID")
  USING INDEX PCTFREE 10 INITRANS 2 MAXTRANS 255 COMPUTE STATISTICS 
  STORAGE(INITIAL 65536 NEXT 1048576 MINEXTENTS 1 MAXEXTENTS 2147483645
  PCTINCREASE 0 FREELISTS 1 FREELIST GROUPS 1 BUFFER_POOL DEFAULT FLASH_CACHE DEFAULT CELL_FLASH_CACHE DEFAULT)
  TABLESPACE "SYSTEM"  ENABLE;
  ALTER TABLE "STUDY_ABOUT"."IMAGE" MODIFY ("IMAGE_NAME" NOT NULL ENABLE);
  ALTER TABLE "STUDY_ABOUT"."IMAGE" MODIFY ("IMAGE_ID" NOT NULL ENABLE);
--------------------------------------------------------
--  Constraints for Table MEMBER
--------------------------------------------------------

  ALTER TABLE "STUDY_ABOUT"."MEMBER" ADD CONSTRAINT "PK_MEMBER" PRIMARY KEY ("MEMBER_NUMBER")
  USING INDEX PCTFREE 10 INITRANS 2 MAXTRANS 255 COMPUTE STATISTICS 
  STORAGE(INITIAL 65536 NEXT 1048576 MINEXTENTS 1 MAXEXTENTS 2147483645
  PCTINCREASE 0 FREELISTS 1 FREELIST GROUPS 1 BUFFER_POOL DEFAULT FLASH_CACHE DEFAULT CELL_FLASH_CACHE DEFAULT)
  TABLESPACE "SYSTEM"  ENABLE;
  ALTER TABLE "STUDY_ABOUT"."MEMBER" MODIFY ("MEMBER_EMAIL" NOT NULL ENABLE);
  ALTER TABLE "STUDY_ABOUT"."MEMBER" MODIFY ("MEMBER_NAME" NOT NULL ENABLE);
  ALTER TABLE "STUDY_ABOUT"."MEMBER" MODIFY ("PASSWORD" NOT NULL ENABLE);
  ALTER TABLE "STUDY_ABOUT"."MEMBER" MODIFY ("MEMBER_ID" NOT NULL ENABLE);
  ALTER TABLE "STUDY_ABOUT"."MEMBER" MODIFY ("MEMBER_NUMBER" NOT NULL ENABLE);
--------------------------------------------------------
--  Constraints for Table ORDERS
--------------------------------------------------------

  ALTER TABLE "STUDY_ABOUT"."ORDERS" ADD CONSTRAINT "PK_ORDERS" PRIMARY KEY ("ORDERS_ID")
  USING INDEX PCTFREE 10 INITRANS 2 MAXTRANS 255 COMPUTE STATISTICS 
  STORAGE(INITIAL 65536 NEXT 1048576 MINEXTENTS 1 MAXEXTENTS 2147483645
  PCTINCREASE 0 FREELISTS 1 FREELIST GROUPS 1 BUFFER_POOL DEFAULT FLASH_CACHE DEFAULT CELL_FLASH_CACHE DEFAULT)
  TABLESPACE "SYSTEM"  ENABLE;
  ALTER TABLE "STUDY_ABOUT"."ORDERS" MODIFY ("ORDERS_ID" NOT NULL ENABLE);
--------------------------------------------------------
--  Constraints for Table ORDER_DETAIL
--------------------------------------------------------

  ALTER TABLE "STUDY_ABOUT"."ORDER_DETAIL" ADD CONSTRAINT "PK_ORDER_DETAIL" PRIMARY KEY ("ORDER_DETAIL_ID")
  USING INDEX PCTFREE 10 INITRANS 2 MAXTRANS 255 COMPUTE STATISTICS 
  STORAGE(INITIAL 65536 NEXT 1048576 MINEXTENTS 1 MAXEXTENTS 2147483645
  PCTINCREASE 0 FREELISTS 1 FREELIST GROUPS 1 BUFFER_POOL DEFAULT FLASH_CACHE DEFAULT CELL_FLASH_CACHE DEFAULT)
  TABLESPACE "SYSTEM"  ENABLE;
  ALTER TABLE "STUDY_ABOUT"."ORDER_DETAIL" MODIFY ("ORDER_DETAIL_ID" NOT NULL ENABLE);
--------------------------------------------------------
--  Constraints for Table PRODUCT
--------------------------------------------------------

  ALTER TABLE "STUDY_ABOUT"."PRODUCT" ADD CONSTRAINT "PK_PRODUCT" PRIMARY KEY ("PRODUCT_ID")
  USING INDEX PCTFREE 10 INITRANS 2 MAXTRANS 255 COMPUTE STATISTICS 
  STORAGE(INITIAL 65536 NEXT 1048576 MINEXTENTS 1 MAXEXTENTS 2147483645
  PCTINCREASE 0 FREELISTS 1 FREELIST GROUPS 1 BUFFER_POOL DEFAULT FLASH_CACHE DEFAULT CELL_FLASH_CACHE DEFAULT)
  TABLESPACE "SYSTEM"  ENABLE;
  ALTER TABLE "STUDY_ABOUT"."PRODUCT" MODIFY ("PRODUCT_PRICE" NOT NULL ENABLE);
  ALTER TABLE "STUDY_ABOUT"."PRODUCT" MODIFY ("PRODUCT_NAME" NOT NULL ENABLE);
  ALTER TABLE "STUDY_ABOUT"."PRODUCT" MODIFY ("PRODUCT_ID" NOT NULL ENABLE);
--------------------------------------------------------
--  Constraints for Table PRODUCT_VIEW
--------------------------------------------------------

  ALTER TABLE "STUDY_ABOUT"."PRODUCT_VIEW" ADD CONSTRAINT "PRODUCT_VIEW_PK" PRIMARY KEY ("VIEW_DATE")
  USING INDEX PCTFREE 10 INITRANS 2 MAXTRANS 255 COMPUTE STATISTICS 
  STORAGE(INITIAL 65536 NEXT 1048576 MINEXTENTS 1 MAXEXTENTS 2147483645
  PCTINCREASE 0 FREELISTS 1 FREELIST GROUPS 1 BUFFER_POOL DEFAULT FLASH_CACHE DEFAULT CELL_FLASH_CACHE DEFAULT)
  TABLESPACE "SYSTEM"  ENABLE;
  ALTER TABLE "STUDY_ABOUT"."PRODUCT_VIEW" MODIFY ("VIEW_DATE" NOT NULL ENABLE);
--------------------------------------------------------
--  Constraints for Table RATING
--------------------------------------------------------

  ALTER TABLE "STUDY_ABOUT"."RATING" ADD CONSTRAINT "PK_RATING" PRIMARY KEY ("RATING_ID")
  USING INDEX PCTFREE 10 INITRANS 2 MAXTRANS 255 COMPUTE STATISTICS 
  STORAGE(INITIAL 65536 NEXT 1048576 MINEXTENTS 1 MAXEXTENTS 2147483645
  PCTINCREASE 0 FREELISTS 1 FREELIST GROUPS 1 BUFFER_POOL DEFAULT FLASH_CACHE DEFAULT CELL_FLASH_CACHE DEFAULT)
  TABLESPACE "SYSTEM"  ENABLE;
  ALTER TABLE "STUDY_ABOUT"."RATING" MODIFY ("RATING_CHECK" NOT NULL ENABLE);
  ALTER TABLE "STUDY_ABOUT"."RATING" MODIFY ("RATING_ID" NOT NULL ENABLE);
--------------------------------------------------------
--  Constraints for Table REPLY
--------------------------------------------------------

  ALTER TABLE "STUDY_ABOUT"."REPLY" ADD CONSTRAINT "PK_REPLY" PRIMARY KEY ("REPLY_ID")
  USING INDEX PCTFREE 10 INITRANS 2 MAXTRANS 255 COMPUTE STATISTICS 
  STORAGE(INITIAL 65536 NEXT 1048576 MINEXTENTS 1 MAXEXTENTS 2147483645
  PCTINCREASE 0 FREELISTS 1 FREELIST GROUPS 1 BUFFER_POOL DEFAULT FLASH_CACHE DEFAULT CELL_FLASH_CACHE DEFAULT)
  TABLESPACE "SYSTEM"  ENABLE;
  ALTER TABLE "STUDY_ABOUT"."REPLY" MODIFY ("REPLY_ID" NOT NULL ENABLE);
--------------------------------------------------------
--  Constraints for Table REVIEW
--------------------------------------------------------

  ALTER TABLE "STUDY_ABOUT"."REVIEW" ADD CONSTRAINT "PK_REVIEW" PRIMARY KEY ("REVIEW_ID")
  USING INDEX PCTFREE 10 INITRANS 2 MAXTRANS 255 COMPUTE STATISTICS 
  STORAGE(INITIAL 65536 NEXT 1048576 MINEXTENTS 1 MAXEXTENTS 2147483645
  PCTINCREASE 0 FREELISTS 1 FREELIST GROUPS 1 BUFFER_POOL DEFAULT FLASH_CACHE DEFAULT CELL_FLASH_CACHE DEFAULT)
  TABLESPACE "SYSTEM"  ENABLE;
  ALTER TABLE "STUDY_ABOUT"."REVIEW" MODIFY ("ORDER_DETAIL_ID" NOT NULL ENABLE);
  ALTER TABLE "STUDY_ABOUT"."REVIEW" MODIFY ("REVIEW_ID" NOT NULL ENABLE);
--------------------------------------------------------
--  Constraints for Table VIDEO
--------------------------------------------------------

  ALTER TABLE "STUDY_ABOUT"."VIDEO" ADD CONSTRAINT "PK_VIDEO" PRIMARY KEY ("VIDEO_ID")
  USING INDEX PCTFREE 10 INITRANS 2 MAXTRANS 255 COMPUTE STATISTICS 
  STORAGE(INITIAL 65536 NEXT 1048576 MINEXTENTS 1 MAXEXTENTS 2147483645
  PCTINCREASE 0 FREELISTS 1 FREELIST GROUPS 1 BUFFER_POOL DEFAULT FLASH_CACHE DEFAULT CELL_FLASH_CACHE DEFAULT)
  TABLESPACE "SYSTEM"  ENABLE;
  ALTER TABLE "STUDY_ABOUT"."VIDEO" MODIFY ("VIDEO_NAME" NOT NULL ENABLE);
  ALTER TABLE "STUDY_ABOUT"."VIDEO" MODIFY ("VIDEO_ID" NOT NULL ENABLE);
--------------------------------------------------------
--  Ref Constraints for Table ATTACHMENT
--------------------------------------------------------

  ALTER TABLE "STUDY_ABOUT"."ATTACHMENT" ADD CONSTRAINT "FK_BOARD_TO_ATTACHMENT" FOREIGN KEY ("BOARD_ID")
	  REFERENCES "STUDY_ABOUT"."BOARD" ("BOARD_ID") ENABLE;
--------------------------------------------------------
--  Ref Constraints for Table AUTHORITY
--------------------------------------------------------

  ALTER TABLE "STUDY_ABOUT"."AUTHORITY" ADD CONSTRAINT "FK_MEMBER_TO_AUTHORITY" FOREIGN KEY ("MEMBER_NUMBER")
	  REFERENCES "STUDY_ABOUT"."MEMBER" ("MEMBER_NUMBER") ENABLE;
--------------------------------------------------------
--  Ref Constraints for Table BOARD
--------------------------------------------------------

  ALTER TABLE "STUDY_ABOUT"."BOARD" ADD CONSTRAINT "FK_BOARDTYPE_TO_BOARD" FOREIGN KEY ("BOARDTYPE_ID")
	  REFERENCES "STUDY_ABOUT"."BOARDTYPE" ("BOARDTYPE_ID") ENABLE;
  ALTER TABLE "STUDY_ABOUT"."BOARD" ADD CONSTRAINT "FK_MEMBER_TO_BOARD" FOREIGN KEY ("MEMBER_NUMBER")
	  REFERENCES "STUDY_ABOUT"."MEMBER" ("MEMBER_NUMBER") ENABLE;
  ALTER TABLE "STUDY_ABOUT"."BOARD" ADD CONSTRAINT "PRODUCT_ID" FOREIGN KEY ("PRODUCT_ID")
	  REFERENCES "STUDY_ABOUT"."PRODUCT" ("PRODUCT_ID") ENABLE;
--------------------------------------------------------
--  Ref Constraints for Table CART
--------------------------------------------------------

  ALTER TABLE "STUDY_ABOUT"."CART" ADD CONSTRAINT "FK_MEMBER_TO_CART" FOREIGN KEY ("MEMBER_NUMBER")
	  REFERENCES "STUDY_ABOUT"."MEMBER" ("MEMBER_NUMBER") ENABLE;
  ALTER TABLE "STUDY_ABOUT"."CART" ADD CONSTRAINT "FK_PRODUCT_TO_CART" FOREIGN KEY ("PRODUCT_ID")
	  REFERENCES "STUDY_ABOUT"."PRODUCT" ("PRODUCT_ID") ENABLE;
--------------------------------------------------------
--  Ref Constraints for Table CATEGORY
--------------------------------------------------------

  ALTER TABLE "STUDY_ABOUT"."CATEGORY" ADD CONSTRAINT "FK_CATEGORY_TO_CATEGORY" FOREIGN KEY ("CATEGORY_PARENT")
	  REFERENCES "STUDY_ABOUT"."CATEGORY" ("CATEGORY_ID") ENABLE;
--------------------------------------------------------
--  Ref Constraints for Table COUPON
--------------------------------------------------------

  ALTER TABLE "STUDY_ABOUT"."COUPON" ADD CONSTRAINT "FK_MEMBER_TO_COUPON" FOREIGN KEY ("MEMBER_NUMBER")
	  REFERENCES "STUDY_ABOUT"."MEMBER" ("MEMBER_NUMBER") ENABLE;
--------------------------------------------------------
--  Ref Constraints for Table IMAGE
--------------------------------------------------------

  ALTER TABLE "STUDY_ABOUT"."IMAGE" ADD CONSTRAINT "FK_PRODUCT_TO_IMAGE" FOREIGN KEY ("PRODUCT_ID")
	  REFERENCES "STUDY_ABOUT"."PRODUCT" ("PRODUCT_ID") ENABLE;
--------------------------------------------------------
--  Ref Constraints for Table ORDERS
--------------------------------------------------------

  ALTER TABLE "STUDY_ABOUT"."ORDERS" ADD CONSTRAINT "FK_MEMBER_TO_ORDERS" FOREIGN KEY ("MEMBER_NUMBER")
	  REFERENCES "STUDY_ABOUT"."MEMBER" ("MEMBER_NUMBER") ENABLE;
--------------------------------------------------------
--  Ref Constraints for Table ORDER_DETAIL
--------------------------------------------------------

  ALTER TABLE "STUDY_ABOUT"."ORDER_DETAIL" ADD CONSTRAINT "FK_ORDERS_TO_ORDER_DETAIL" FOREIGN KEY ("ORDERS_ID")
	  REFERENCES "STUDY_ABOUT"."ORDERS" ("ORDERS_ID") ENABLE;
  ALTER TABLE "STUDY_ABOUT"."ORDER_DETAIL" ADD CONSTRAINT "FK_PRODUCT_TO_ORDER_DETAIL" FOREIGN KEY ("PRODUCT_ID")
	  REFERENCES "STUDY_ABOUT"."PRODUCT" ("PRODUCT_ID") ENABLE;
--------------------------------------------------------
--  Ref Constraints for Table PRODUCT
--------------------------------------------------------

  ALTER TABLE "STUDY_ABOUT"."PRODUCT" ADD CONSTRAINT "FK_CATEGORY_TO_PRODUCT" FOREIGN KEY ("CATEGORY_ID")
	  REFERENCES "STUDY_ABOUT"."CATEGORY" ("CATEGORY_ID") ENABLE;
  ALTER TABLE "STUDY_ABOUT"."PRODUCT" ADD CONSTRAINT "FK_PRODUCT_ID" FOREIGN KEY ("PRODUCT_ID")
	  REFERENCES "STUDY_ABOUT"."PRODUCT" ("PRODUCT_ID") ENABLE;
--------------------------------------------------------
--  Ref Constraints for Table PRODUCT_VIEW
--------------------------------------------------------

  ALTER TABLE "STUDY_ABOUT"."PRODUCT_VIEW" ADD CONSTRAINT "FK_MEMBER_TO_PRODUCT_VIEW" FOREIGN KEY ("MEMBER_NUMBER")
	  REFERENCES "STUDY_ABOUT"."MEMBER" ("MEMBER_NUMBER") ENABLE;
  ALTER TABLE "STUDY_ABOUT"."PRODUCT_VIEW" ADD CONSTRAINT "FK_PRODUCT_TO_PRODUCT_VIEW" FOREIGN KEY ("PRODUCT_ID")
	  REFERENCES "STUDY_ABOUT"."PRODUCT" ("PRODUCT_ID") ENABLE;
--------------------------------------------------------
--  Ref Constraints for Table RATING
--------------------------------------------------------

  ALTER TABLE "STUDY_ABOUT"."RATING" ADD CONSTRAINT "FK_REVIEW_TO_RATING" FOREIGN KEY ("REVIEW_ID")
	  REFERENCES "STUDY_ABOUT"."REVIEW" ("REVIEW_ID") ENABLE;
--------------------------------------------------------
--  Ref Constraints for Table REPLY
--------------------------------------------------------

  ALTER TABLE "STUDY_ABOUT"."REPLY" ADD CONSTRAINT "FK_BOARD_TO_REPLY" FOREIGN KEY ("BOARD_ID")
	  REFERENCES "STUDY_ABOUT"."BOARD" ("BOARD_ID") ENABLE;
--------------------------------------------------------
--  Ref Constraints for Table REVIEW
--------------------------------------------------------

  ALTER TABLE "STUDY_ABOUT"."REVIEW" ADD CONSTRAINT "FK_BOARD_TO_REVIEW" FOREIGN KEY ("BOARD_ID")
	  REFERENCES "STUDY_ABOUT"."BOARD" ("BOARD_ID") ENABLE;
  ALTER TABLE "STUDY_ABOUT"."REVIEW" ADD CONSTRAINT "FK_ORDER_DETAIL_TO_REVIEW" FOREIGN KEY ("ORDER_DETAIL_ID")
	  REFERENCES "STUDY_ABOUT"."ORDER_DETAIL" ("ORDER_DETAIL_ID") ENABLE;
--------------------------------------------------------
--  Ref Constraints for Table VIDEO
--------------------------------------------------------

  ALTER TABLE "STUDY_ABOUT"."VIDEO" ADD CONSTRAINT "FK_PRODUCT_TO_VIDEO" FOREIGN KEY ("PRODUCT_ID")
	  REFERENCES "STUDY_ABOUT"."PRODUCT" ("PRODUCT_ID") ENABLE;
